method,n_strata,zx_influence_scale,ARI_mean,ARI_sd,ARI_se,ARI_ci95,C1_heterogeneity_mean,C1_heterogeneity_sd,C1_heterogeneity_se,C1_heterogeneity_ci95,W_true_mean,W_true_sd,W_true_se,W_true_ci95,W_est_mean,W_est_sd,W_est_se,W_est_ci95,bias_crude_mean,bias_crude_sd,bias_crude_se,bias_crude_ci95,bias_stratified_mean,bias_stratified_sd,bias_stratified_se,bias_stratified_ci95,bias_reduction_mean,bias_reduction_sd,bias_reduction_se,bias_reduction_ci95,bias_reduction_relative_mean,bias_reduction_relative_sd,bias_reduction_relative_se,bias_reduction_relative_ci95,abs_bias_crude_mean,abs_bias_stratified_mean
1A_predicted_prob,3,0.3,0.003053053555177472,0.0015936336436591586,0.00022537383123168343,0.0004417327092140995,0.8093848474060913,0.2579457815558921,0.03647904226332704,0.07149892283612098,0.055423938325333405,0.01594561539792055,0.00225505055561245,0.004419899089000401,0.09645650324536147,0.09991051208431984,0.014129480121328612,0.02769378103780408,0.018025777364625326,0.012805941709483595,0.0018110336444510996,0.003549625943124155,0.01828003538474679,0.013395581177169644,0.0018944212576623059,0.0037130656650181193,-0.0002542580201214719,0.004031866825482659,0.0005701920746279733,0.0011175764662708276,-0.014105245780990927,0.4323391945550798,0.0611419952485254,0.11983831068710978,0.018025777364625326,0.01828003538474679
1A_predicted_prob,3,0.5,0.00872316973854447,0.00282161656979822,0.0003990368420825294,0.0007821122104817575,0.8275606374096628,0.2344577525558279,0.0331573333467967,0.06498837335972153,0.12749452316450685,0.021248580663359305,0.0030050030955301424,0.005889806067239079,0.07028630781977886,0.08007807660978362,0.01132475019903077,0.02219651039010031,0.018924764300287195,0.012382781897705242,0.0017511898099642805,0.0034323320275299898,0.01697016724077745,0.011838198346734725,0.0016741740656015,0.0032813811685789398,0.0019545970595097203,0.005154521662297768,0.0007289594442367414,0.0014287605107040132,0.10328250479083012,0.663280455906641,0.09380202164001814,0.18385196241443555,0.018924764300287195,0.01697016724077745
1A_predicted_prob,3,1.0,0.02768048153194026,0.004862967408214446,0.0006877274462075209,0.0013479457945667409,0.8092373791435707,0.2309518638732146,0.03266152581448449,0.0640165905963896,0.3183994674814765,0.028679310327450334,0.004055866962458703,0.007949499246419058,0.11251813395576582,0.12396436053970783,0.017531207992616295,0.034361167665527936,0.021657373879974753,0.01695296739974231,0.002397511641918452,0.004699122818160166,0.01913774854286065,0.015212397893384674,0.0021513579417040507,0.004216661565739939,0.0025196253371141068,0.008157058281813267,0.0011535822451208097,0.002261021200436787,0.11634029827798509,1.2463482404853163,0.1762602585134178,0.3454701066862989,0.021657373879974753,0.01913774854286065
1A_predicted_prob,5,0.3,0.0035884281054857285,0.0020776608554598512,0.00029382561598030084,0.0005758982073213896,0.9111822908163104,0.15988934175090158,0.022611767558303176,0.044319064414274224,0.06751748655289978,0.01879507615890024,0.0026580251609751937,0.00520972931551138,0.08128333327037457,0.09548661972158075,0.013503847263542174,0.02646754063654266,0.01965455023573172,0.013974462444000059,0.001976287431517835,0.0038735233657749566,0.018305489683264137,0.014095782903610075,0.001993444735455217,0.003907151681492226,0.0013490605524675637,0.00395614816291086,0.0005594838386745942,0.0010965883238022046,0.06863858680495305,7.3713414449569665,1.042465104434103,2.0432316046908414,0.01965455023573172,0.018305489683264137
1A_predicted_prob,5,0.5,0.008848474748025517,0.003122043759472508,0.00044152366269683055,0.0008653863788857879,0.8801663685708918,0.18812575501317877,0.02660499941713157,0.05214579885757788,0.15033119574376586,0.024385753068699924,0.003448666271843675,0.006759385892813603,0.11713884270008448,0.11290272531322915,0.01596685653668528,0.03129503881190315,0.0173711904463808,0.014364471062827979,0.0020314429793367194,0.00398162823949997,0.015875196553034435,0.01283214829714709,0.0018147398156208232,0.0035568900386168134,0.0014959938933463487,0.00662158814787972,0.0009364339763180443,0.0018354105935833667,0.08611925002860388,1.7581192470090412,0.24863560833893594,0.48732579234431445,0.0173711904463808,0.015875196553034435
1A_predicted_prob,5,1.0,0.028482412026223952,0.0037960133715787083,0.0005368373593036228,0.0010522012242351008,0.9294008474887252,0.1362044788249015,0.019262222121013473,0.037753955357186404,0.3598690397887033,0.02741972713530065,0.0038777349991311752,0.007600360598297103,0.07838904454002195,0.0947976526375564,0.013406412604116588,0.026276568704068512,0.01815737707081285,0.014464412330860744,0.0020455768090059897,0.00400933054565174,0.015519987381118231,0.011922914313279145,0.0016861547124851664,0.003304863236470926,0.0026373896896946174,0.009108457943932738,0.0012881304756614633,0.002524735732296468,0.1452516891293788,1.6334174742120582,0.23100011450478977,0.45276022442938796,0.01815737707081285,0.015519987381118231
1B_residual,3,0.3,0.009017482411905529,0.0022046627806561244,0.0003117864004863071,0.0006111013449531619,1.0,0.0,0.0,0.0,0.12580360785482345,0.01925462244978238,0.002723014820685571,0.005337109048543719,0.07709353030111833,0.07616148665054334,0.010770860735169582,0.02111088704093238,0.018025777364625326,0.012805941709483595,0.0018110336444510996,0.003549625943124155,0.015646218837294723,0.012216988537438453,0.0017277430881002102,0.003386376452676412,0.002379558527330584,0.013673960359760614,0.0019337900192125546,0.003790228437656607,0.13200864956872072,2.4881938308876124,0.3518837461454329,0.6896921424450484,0.018025777364625326,0.015646218837294723
1B_residual,3,0.5,0.014555605088992176,0.0029749203509459397,0.00042071727072874756,0.0008246058506283452,1.0,0.0,0.0,0.0,0.18806721031448986,0.023592112239545358,0.0033364285094193338,0.006539399878461894,0.05635859944185609,0.0611607536590572,0.008649436730959859,0.01695289599268132,0.018924764300287195,0.012382781897705242,0.0017511898099642805,0.0034323320275299898,0.01352323348157994,0.009542979505201202,0.0013495811041704026,0.002645178964173989,0.005401530818707241,0.01242876678633999,0.0017576930552814281,0.003445078388351599,0.28542129946766537,3.235688202687578,0.45759541398513964,0.8968870114108737,0.018924764300287195,0.01352323348157994
1B_residual,3,1.0,0.030597662986795098,0.005115901923091811,0.0007234977883407038,0.0014180556651477794,0.9867077903272289,0.05864720441005456,0.008293967187196634,0.016256175686905402,0.3367380541234389,0.026137952430555556,0.003696464681995447,0.007245070776711076,0.09736529097385552,0.10830122226460466,0.01531610573481869,0.030019567240244634,0.021657373879974753,0.01695296739974231,0.002397511641918452,0.004699122818160166,0.016418341267224985,0.013141626855208081,0.0018585066930281754,0.003642673118335224,0.0052390326127497765,0.014336537777609461,0.002027492616256953,0.003973885527863628,0.24190525784818173,2.6714802196610523,0.3778043558256115,0.7404965374181985,0.021657373879974753,0.016418341267224985
1B_residual,5,0.3,0.012075209332309147,0.0033668240034982326,0.0004761408167870481,0.0009332360009026143,1.0,0.0,0.0,0.0,0.17140525733236175,0.02865517761165718,0.004052454081061546,0.00794280999888063,0.05783667603736192,0.0657726659774923,0.009301659625880506,0.01823125286672579,0.01965455023573172,0.013974462444000059,0.001976287431517835,0.0038735233657749566,0.011284897700683845,0.008182499484835506,0.0011571801745565236,0.002268073142130786,0.008369652535047845,0.014646867210689396,0.0020713798255634725,0.0040599044581044064,0.42583790698155755,3.257686773035844,0.4607064816390733,0.9029847040125837,0.01965455023573172,0.011284897700683845
1B_residual,5,0.5,0.016203674818463302,0.003666893601994798,0.0005185770663720172,0.0010164110500891538,0.9983751452045818,0.01148945844283666,0.0016248547954181667,0.0031847153990196067,0.2299522275664673,0.027321343802754753,0.003863821494811388,0.00757309012983032,0.07710020179121696,0.07548530268735747,0.010675233882029917,0.02092345840877864,0.0173711904463808,0.014364471062827979,0.0020314429793367194,0.00398162823949997,0.010501306258685488,0.00660700016702804,0.0009343709242812358,0.001831367011591222,0.006869884187695297,0.015605808766120445,0.002206994640884847,0.0043257094961343,0.39547572798193675,10.448505965326172,1.4776418842700458,2.89617809316929,0.0173711904463808,0.010501306258685488
1B_residual,5,1.0,0.0315208160592916,0.004196801897275596,0.0005935174161720284,0.0011632941356971755,0.8953752627776752,0.18158230013907728,0.0256796151543585,0.05033204570254266,0.36650276322996744,0.028423459145109988,0.0040196841412572125,0.007878580916864136,0.05801660180551276,0.0679604774512578,0.009611062891691969,0.01883768326771626,0.01815737707081285,0.014464412330860744,0.0020455768090059897,0.00400933054565174,0.010573014045425455,0.008318718572131697,0.0011764444626273594,0.0023058311467496245,0.007584363025387401,0.01837330300362008,0.002598377429330984,0.005092819761488729,0.41770146623098503,2.51133769812172,0.3551567832382566,0.696107295146983,0.01815737707081285,0.010573014045425455
1C_cv_decision,3,0.3,0.003053053555177472,0.0015936336436591586,0.00022537383123168343,0.0004417327092140995,0.8093848474060913,0.2579457815558921,0.03647904226332704,0.07149892283612098,0.055423938325333405,0.01594561539792055,0.00225505055561245,0.004419899089000401,0.09645650324536147,0.09991051208431984,0.014129480121328612,0.02769378103780408,0.018025777364625326,0.012805941709483595,0.0018110336444510996,0.003549625943124155,0.01828003538474679,0.013395581177169644,0.0018944212576623059,0.0037130656650181193,-0.0002542580201214719,0.004031866825482659,0.0005701920746279733,0.0011175764662708276,-0.014105245780990927,0.4323391945550798,0.0611419952485254,0.11983831068710978,0.018025777364625326,0.01828003538474679
1C_cv_decision,3,0.5,0.00872316973854447,0.00282161656979822,0.0003990368420825294,0.0007821122104817575,0.8275606374096628,0.2344577525558279,0.0331573333467967,0.06498837335972153,0.12749452316450685,0.021248580663359305,0.0030050030955301424,0.005889806067239079,0.07028630781977886,0.08007807660978362,0.01132475019903077,0.02219651039010031,0.018924764300287195,0.012382781897705242,0.0017511898099642805,0.0034323320275299898,0.01697016724077745,0.011838198346734725,0.0016741740656015,0.0032813811685789398,0.0019545970595097203,0.005154521662297768,0.0007289594442367414,0.0014287605107040132,0.10328250479083012,0.663280455906641,0.09380202164001814,0.18385196241443555,0.018924764300287195,0.01697016724077745
1C_cv_decision,3,1.0,0.02768048153194026,0.004862967408214446,0.0006877274462075209,0.0013479457945667409,0.8092373791435707,0.2309518638732146,0.03266152581448449,0.0640165905963896,0.3183994674814765,0.028679310327450334,0.004055866962458703,0.007949499246419058,0.11251813395576582,0.12396436053970783,0.017531207992616295,0.034361167665527936,0.021657373879974753,0.01695296739974231,0.002397511641918452,0.004699122818160166,0.01913774854286065,0.015212397893384674,0.0021513579417040507,0.004216661565739939,0.0025196253371141068,0.008157058281813267,0.0011535822451208097,0.002261021200436787,0.11634029827798509,1.2463482404853163,0.1762602585134178,0.3454701066862989,0.021657373879974753,0.01913774854286065
1C_cv_decision,5,0.3,0.0035884281054857285,0.0020776608554598512,0.00029382561598030084,0.0005758982073213896,0.9111822908163104,0.15988934175090158,0.022611767558303176,0.044319064414274224,0.06751748655289978,0.01879507615890024,0.0026580251609751937,0.00520972931551138,0.08128333327037457,0.09548661972158075,0.013503847263542174,0.02646754063654266,0.01965455023573172,0.013974462444000059,0.001976287431517835,0.0038735233657749566,0.018305489683264137,0.014095782903610075,0.001993444735455217,0.003907151681492226,0.0013490605524675637,0.00395614816291086,0.0005594838386745942,0.0010965883238022046,0.06863858680495305,7.3713414449569665,1.042465104434103,2.0432316046908414,0.01965455023573172,0.018305489683264137
1C_cv_decision,5,0.5,0.008848474748025517,0.003122043759472508,0.00044152366269683055,0.0008653863788857879,0.8801663685708918,0.18812575501317877,0.02660499941713157,0.05214579885757788,0.15033119574376586,0.024385753068699924,0.003448666271843675,0.006759385892813603,0.11713884270008448,0.11290272531322915,0.01596685653668528,0.03129503881190315,0.0173711904463808,0.014364471062827979,0.0020314429793367194,0.00398162823949997,0.015875196553034435,0.01283214829714709,0.0018147398156208232,0.0035568900386168134,0.0014959938933463487,0.00662158814787972,0.0009364339763180443,0.0018354105935833667,0.08611925002860388,1.7581192470090412,0.24863560833893594,0.48732579234431445,0.0173711904463808,0.015875196553034435
1C_cv_decision,5,1.0,0.028482412026223952,0.0037960133715787083,0.0005368373593036228,0.0010522012242351008,0.9294008474887252,0.1362044788249015,0.019262222121013473,0.037753955357186404,0.3598690397887033,0.02741972713530065,0.0038777349991311752,0.007600360598297103,0.07838904454002195,0.0947976526375564,0.013406412604116588,0.026276568704068512,0.01815737707081285,0.014464412330860744,0.0020455768090059897,0.00400933054565174,0.015519987381118231,0.011922914313279145,0.0016861547124851664,0.003304863236470926,0.0026373896896946174,0.009108457943932738,0.0012881304756614633,0.002524735732296468,0.1452516891293788,1.6334174742120582,0.23100011450478977,0.45276022442938796,0.01815737707081285,0.015519987381118231
1D_ml_uncertainty,3,0.3,-0.000983350944577506,0.0026121669968153034,0.00036941619940795994,0.0007240557508396015,0.8859366652273407,0.2001007431316702,0.028298518477774294,0.055465096216437616,0.013138925520338882,0.007985227030250876,0.001129281636480902,0.002213392007502568,0.019361960046956173,0.017784145898951685,0.002515058032551933,0.004929513743801788,0.018025777364625326,0.012805941709483595,0.0018110336444510996,0.003549625943124155,0.017593029020591632,0.01293248378305959,0.0018289293961172982,0.0035847016163899044,0.00043274834403368256,0.0019713747390826923,0.0002787944892530465,0.0005464371989359712,0.024007194545902943,0.3209922227778475,0.045395155486871785,0.0889745047542687,0.018025777364625326,0.017593029020591632
1D_ml_uncertainty,3,0.5,0.000130520903822952,0.00272186761876673,0.00038493021014440705,0.0007544632118830378,0.8430130183204423,0.24186895999930658,0.0342054363548095,0.06704265525542662,0.03723974564292026,0.011459261970101855,0.0016205843692904274,0.0031763453638092376,0.01965190225157377,0.023127207522583494,0.0032706810538254646,0.00641053486549791,0.018924764300287195,0.012382781897705242,0.0017511898099642805,0.0034323320275299898,0.017961745889373156,0.012611201187241732,0.0017834931756812934,0.003495646624335335,0.0009630184109140224,0.003049650706686972,0.00043128573898974093,0.0008453200484198922,0.050886679254410816,0.3457373024893201,0.04889463821986857,0.0958334909109424,0.018924764300287195,0.017961745889373156
1D_ml_uncertainty,3,1.0,0.00631009267005399,0.0031031175497279197,0.0004388470924463191,0.0008601403011947855,0.8600195703442176,0.2247518627500543,0.03178471324697432,0.06229803796406967,0.13465576658942163,0.023004953801118225,0.003253391766730788,0.006376647862792344,0.0423789508274743,0.04988778529929497,0.0070551982567020055,0.01382818858313593,0.021657373879974753,0.01695296739974231,0.002397511641918452,0.004699122818160166,0.020685426986923838,0.015547913559416862,0.0021988070222331868,0.0043096617635770456,0.0009719468930509199,0.005301960417427893,0.0007498104329491843,0.001469628448580401,0.04487833559310783,1.7590895365379646,0.24877282800005915,0.48759474288011595,0.021657373879974753,0.020685426986923838
1D_ml_uncertainty,5,0.3,-0.00019485677643338813,0.0024589617117303495,0.0003477497002085221,0.0006815894124087032,0.8939250386471506,0.18513485761285536,0.02618202265041119,0.05131676439480593,0.019080618419034155,0.010413230039054602,0.0014726531149341932,0.002886400105271019,0.024182184967380116,0.02779378251426364,0.003930634418131982,0.007704043459538685,0.01965455023573172,0.013974462444000059,0.001976287431517835,0.0038735233657749566,0.019343853879867142,0.013974009049556566,0.001976223311860726,0.003873397691247023,0.0003106963558645828,0.0019966941948301085,0.00028237520102403663,0.0005534553940071118,0.015807858848875367,0.49735981376415017,0.0703372994004618,0.13786110682490513,0.01965455023573172,0.019343853879867142
1D_ml_uncertainty,5,0.5,0.0011848643277426619,0.002486944584538468,0.0003517070760324624,0.0006893458690236262,0.9303016637256143,0.16036170838014577,0.022678570287652133,0.04444999776379818,0.055868838759902076,0.01666927681607745,0.0023573917348248133,0.004620487800256634,0.04299726276888948,0.044424543319302824,0.006282579166438913,0.012313855166220269,0.0173711904463808,0.014364471062827979,0.0020314429793367194,0.00398162823949997,0.01663702554788168,0.013600698914417269,0.0019234292862521931,0.0037699214010542986,0.000734164898499088,0.0032652129252364872,0.0004617708402905367,0.0009050708469694519,0.04226336132605568,0.5489303455456379,0.07763047394687905,0.15215572893588294,0.0173711904463808,0.01663702554788168
1D_ml_uncertainty,5,1.0,0.011346451148416226,0.003375305856392275,0.000477340331926729,0.0009355870505763888,0.9380825213324416,0.11993987791921623,0.01696206020227289,0.033245637996454865,0.2007223753736054,0.032114904600355175,0.004541733364014039,0.008901797393467515,0.04119291174037357,0.051676590891511325,0.007308173569598127,0.014324020196412329,0.01815737707081285,0.014464412330860744,0.0020455768090059897,0.00400933054565174,0.01681820678282731,0.012848096515307097,0.0018169952342625799,0.0035613106591546565,0.0013391702879855451,0.00630999269125868,0.0008923677242453131,0.0017490407395208136,0.07375350981382645,0.9525821198275864,0.13471545531342854,0.2640422924143199,0.01815737707081285,0.01681820678282731
2A_PCA_cum40,3,0.3,0.0011291526369407209,0.0013047649041978537,0.00018452162232250366,0.00036166237975210716,0.8441975408033496,0.237863160002853,0.03363893068649562,0.06593230414553142,0.02514508929519033,0.017067881354813505,0.0024137629292952135,0.004730975341418618,0.08922042014329361,0.1115782697251355,0.01577955023114099,0.030927918453036343,0.018025777364625326,0.012805941709483595,0.0018110336444510996,0.003549625943124155,0.01832569745971452,0.01287154516658372,0.0018203113743280556,0.0035678102936829888,-0.0002999200950891725,0.0023119197867774942,0.00032695483175794465,0.0006408314702455716,-0.01663840005467776,0.49902855980129956,0.07057329572825109,0.13832365962737214,0.018025777364625326,0.01832569745971452
2A_PCA_cum40,3,0.5,0.004172926250947286,0.0025726218589821716,0.0003638236723830071,0.0007130943978706939,0.8343798448727381,0.2576197474034942,0.03643293407131524,0.07140855077977787,0.052570170461296487,0.025675725108459405,0.0036310958672146694,0.007116947899740752,0.06155018025823249,0.06976753270753584,0.009866619096830568,0.01933857342978791,0.018924764300287195,0.012382781897705242,0.0017511898099642805,0.0034323320275299898,0.018321638677266727,0.012191970268528871,0.0017242049705803073,0.0033794417423374024,0.000603125623020447,0.004182096906471357,0.0005914378164290358,0.0011592181202009103,0.03186965044586132,0.6507348352499707,0.09202780295191301,0.1803744937857495,0.018924764300287195,0.018321638677266727
2A_PCA_cum40,3,1.0,0.02176309789667444,0.005220757603824342,0.0007383266209190846,0.0014471201770014058,0.8365453252174495,0.23805541976990674,0.03366612032350223,0.06598559583406438,0.18030392843806597,0.033966008988243625,0.004803519057086058,0.009414897351888673,0.10299049409253584,0.10593685297225983,0.014981733422849437,0.029364197508784894,0.021657373879974753,0.01695296739974231,0.002397511641918452,0.004699122818160166,0.01985534184196045,0.01605978620310889,0.0022711967457248903,0.004451545621620785,0.001802032038014304,0.006107331003439291,0.0008637070334965529,0.0016928657856532436,0.08320639649115213,0.8438601224522275,0.11933984299177608,0.23390609226388112,0.021657373879974753,0.01985534184196045
2A_PCA_cum40,5,0.3,0.0013741456736611785,0.002080784020033111,0.00029426729815000357,0.000576763904374007,0.9036996898736601,0.14968043033075,0.021168009459558778,0.04148929854073521,0.02715703488517594,0.018491497668673036,0.0026150926791627875,0.005125581651159063,0.06561381646665053,0.07656160916922483,0.010827446604422607,0.02122179534466831,0.01965455023573172,0.013974462444000059,0.001976287431517835,0.0038735233657749566,0.019537829532778807,0.014129034787190823,0.001998147261928652,0.003916368633380158,0.00011672070295290934,0.0023294496317652234,0.0003294339262107391,0.0006456904953730486,0.0059386097139335625,1.0122731742018818,0.14315704517827638,0.28058780854942167,0.01965455023573172,0.019537829532778807
2A_PCA_cum40,5,0.5,0.004798289708465475,0.002512887508542618,0.00035537595952989066,0.0006965368806785857,0.873819226763973,0.1821280847423671,0.02575680075316919,0.05048332947621161,0.06147276606084023,0.02382902206666518,0.003369932618476565,0.006605067932214067,0.08202739229729454,0.09865148958062772,0.013951427451323179,0.02734479780459343,0.0173711904463808,0.014364471062827979,0.0020314429793367194,0.00398162823949997,0.016566142284110342,0.013564594377481802,0.0019183233336724594,0.0037599137339980205,0.0008050481622704417,0.0037489926757565063,0.000530187628729225,0.001039167752309281,0.046343868300527724,1.799333298836777,0.2544641554444491,0.49874974467112027,0.0173711904463808,0.016566142284110342
2A_PCA_cum40,5,1.0,0.021503819339118012,0.005325106239452695,0.0007530837464911591,0.0014760441431226718,0.8535154467903071,0.17413130221844378,0.024625884923101138,0.04826673444927823,0.2041084491911035,0.039638872482487014,0.005605783106191081,0.010987334888134519,0.07144891065504397,0.09756603013269458,0.013797920304055872,0.02704392379594951,0.01815737707081285,0.014464412330860744,0.0020455768090059897,0.00400933054565174,0.01582754440812974,0.01258347474558935,0.001779572064699179,0.003487961246810391,0.002329832662683094,0.00652889899132953,0.0009233257500902241,0.0018097184701768392,0.12831328300320477,0.7329113600295288,0.103649318537107,0.20315266433272972,0.01815737707081285,0.01582754440812974
2A_PCA_cum60,3,0.3,0.0015979974562709907,0.0014824741535819424,0.00020965350538631574,0.00041092087055717886,0.8406839291380372,0.24147071070869208,0.03414911540001025,0.06693226618402008,0.024186139824656207,0.014819917578098578,0.002095852843219844,0.004107871572710893,0.08372840734035526,0.10015740218704863,0.014164395654498086,0.02776221548281625,0.018025777364625326,0.012805941709483595,0.0018110336444510996,0.003549625943124155,0.017963475581461125,0.012896107077982527,0.0018237849531498554,0.0035746185081737165,6.230178316419074e-05,0.0025148586623968167,0.0003556547227813039,0.0006970832566513556,0.003456260548655443,0.5914822974858324,0.08364822870080617,0.16395052825358009,0.018025777364625326,0.017963475581461125
2A_PCA_cum60,3,0.5,0.0037007561295779507,0.0027433558153327252,0.000387969100045864,0.0007604194360898934,0.8613600084171891,0.25192220739879756,0.03562718023663472,0.06982927326380405,0.04316695730401585,0.024594216843972307,0.0034781475016690453,0.006817169103271329,0.055562825821781105,0.0743685981550629,0.01051730801255647,0.020613923704610678,0.018924764300287195,0.012382781897705242,0.0017511898099642805,0.0034323320275299898,0.018275859700227267,0.01188077793265488,0.0016801957283903513,0.0032931836276450886,0.0006489046000599107,0.003435654949625695,0.0004858749825394911,0.0009523149657774025,0.03428864897673156,0.4928025868881036,0.06969281019497016,0.1365979079821415,0.018924764300287195,0.018275859700227267
2A_PCA_cum60,3,1.0,0.01714767752786197,0.004827773698702561,0.0006827503040773282,0.0013381905959915631,0.7575908076837066,0.2652282877330855,0.03750894416371231,0.07351753056087612,0.1423975215676995,0.03088253286445844,0.0043674496817349955,0.008560201376200591,0.09441435738178333,0.09145245437326541,0.01293333012869786,0.025349327052247805,0.021657373879974753,0.01695296739974231,0.002397511641918452,0.004699122818160166,0.021433781686781433,0.01615932486414957,0.0022852736381673094,0.004479136330807926,0.00022359219319332567,0.005830934415176755,0.0008246186531250998,0.0016162525601251957,0.010324067656238944,0.7526046288027418,0.10643436731576063,0.20861135993889082,0.021657373879974753,0.021433781686781433
2A_PCA_cum60,5,0.3,0.0012521846406715919,0.001963987458172441,0.00027774976996781275,0.000544389549136913,0.8926479705701352,0.17706679910362086,0.02504102687383328,0.04908041267271323,0.027446250511453715,0.017311898838973824,0.0024482722128507817,0.0047986135371875325,0.07758290346562742,0.08451114289428965,0.011951680445275505,0.02342529367273999,0.01965455023573172,0.013974462444000059,0.001976287431517835,0.0038735233657749566,0.019601459360272203,0.014051972792232711,0.0019872490500873227,0.0038950081381711526,5.309087545951616e-05,0.0025383066913438326,0.00035897077483608257,0.0007035827186787218,0.0027012002219718445,1.070398746244692,0.15137724240864003,0.29669939512093446,0.01965455023573172,0.019601459360272203
2A_PCA_cum60,5,0.5,0.003817677169666568,0.002492558546776038,0.0003525010101859645,0.0006909019799644904,0.8885580014539548,0.18514715048146463,0.026183761124561958,0.05132017180414144,0.04721119504033131,0.021323226007034665,0.003015559541269512,0.005910496700888244,0.08648068741810717,0.09557079413705485,0.013515751323539004,0.026490872594136447,0.0173711904463808,0.014364471062827979,0.0020314429793367194,0.00398162823949997,0.0176563466645348,0.014236389783018694,0.00201332955103748,0.003946125920033461,-0.00028515621815400615,0.003151237043446516,0.00044565221650945565,0.000873478344358533,-0.016415467842240572,1.212611062496687,0.17148910104664636,0.33611863805142683,0.0173711904463808,0.0176563466645348
2A_PCA_cum60,5,1.0,0.016845074762186923,0.00505309917810544,0.0007146161389693053,0.0014006476323798385,0.8827579818411749,0.17987321629794928,0.02543791419962291,0.0498583118312609,0.15783880868582878,0.035103425919632836,0.004964374102130399,0.009730173240175582,0.06304073369251822,0.09363871553822471,0.013242514147735366,0.025955327729561318,0.01815737707081285,0.014464412330860744,0.0020455768090059897,0.00400933054565174,0.015303674235612255,0.01334494799799668,0.0018872606447930586,0.003699030863794395,0.002853702835200594,0.005705146138931651,0.0008068295044997639,0.0015813858288195373,0.15716492663402315,0.5632403791747268,0.07965421831050631,0.15612226788859238,0.01815737707081285,0.015303674235612255
2A_PCA_cum80,3,0.3,0.0011079919726142697,0.0012868444159261604,0.000181987282566686,0.00035669507383070454,0.8404294422881131,0.26002988285064077,0.03677377869496633,0.072076606242134,0.022811229664811816,0.01348955749248865,0.001907711515628905,0.0037391145706326535,0.08796671245879673,0.11297324092509564,0.015976828950151345,0.03131458474229663,0.018025777364625326,0.012805941709483595,0.0018110336444510996,0.003549625943124155,0.017800971931757486,0.012890744595156997,0.0018230265835558698,0.003573132103769505,0.0002248054328678284,0.002729626475839898,0.0003860274782345459,0.00075661385733971,0.01247133082365759,0.25738612732163413,0.03639989520249432,0.07134379459688887,0.018025777364625326,0.017800971931757486
2A_PCA_cum80,3,0.5,0.0031618959346474125,0.002494629696619399,0.00035279391500578334,0.0006914760734113353,0.8855386562083667,0.22280770079371567,0.03150976722636393,0.0617591437636733,0.03283534734960934,0.020001398026206173,0.0028286248355083223,0.005544104677596312,0.055932201471665645,0.06978420511306775,0.00986897693103263,0.019343194784823953,0.018924764300287195,0.012382781897705242,0.0017511898099642805,0.0034323320275299898,0.018414497509606047,0.01193098010749932,0.0016872953880429143,0.003307098960564112,0.000510266790681128,0.0028789684201721735,0.0004071476185451331,0.0007980093323484608,0.026962913914515885,0.6773045977776598,0.09578533480348206,0.18773925621482482,0.018924764300287195,0.018414497509606047
2A_PCA_cum80,3,1.0,0.014308876207021157,0.0050181227754270905,0.0007096697286662308,0.0013909526681858122,0.8790667841220932,0.2202532025928966,0.031148506626298332,0.06105107298754473,0.11805208511705371,0.03020428526442508,0.0042715309862735775,0.008372200733096212,0.07587970256518672,0.0706027884604438,0.009984742098211825,0.019570094512495178,0.021657373879974753,0.01695296739974231,0.002397511641918452,0.004699122818160166,0.020942768379505195,0.0165045622250034,0.0023340975739630475,0.004574831244967573,0.0007146055004695429,0.005170450080190747,0.0007312120626978811,0.001433175642887847,0.032995944218809914,0.7005479884985354,0.09907244664278197,0.19418199541985268,0.021657373879974753,0.020942768379505195
2A_PCA_cum80,5,0.3,0.0010297711255851378,0.0015232943162697787,0.0002154263481554572,0.0004222356423846961,0.88857316658457,0.17883817423029388,0.025291537146652415,0.049571412807438736,0.026230066847493377,0.018349297127259957,0.0025949824857384703,0.005086165672047401,0.08718577774057971,0.0938704063095758,0.013275280170847505,0.026019549134861108,0.01965455023573172,0.013974462444000059,0.001976287431517835,0.0038735233657749566,0.019842324373769777,0.013952076016845102,0.0019731215126282736,0.0038673181647514163,-0.00018777413803805894,0.0025376699467193876,0.00035888072554771675,0.0007034062220735248,-0.00955372347807204,0.39860499932744003,0.05637125960785841,0.11048766883140249,0.01965455023573172,0.019842324373769777
2A_PCA_cum80,5,0.5,0.0031833142649444735,0.0018412852166859047,0.0002603970525634289,0.0005103782230243207,0.882154104836462,0.210127476526744,0.02971651271313555,0.05824436491774568,0.03907164972821541,0.019066578438566635,0.0026964213815871365,0.005284985907910787,0.07232319089422334,0.08419210149833552,0.011906561178363827,0.0233368599095931,0.0173711904463808,0.014364471062827979,0.0020314429793367194,0.00398162823949997,0.01777254727985353,0.014447015579246849,0.0020431165367986288,0.0040045084121253125,-0.0004013568334727257,0.0031752304541609556,0.0004490453971934505,0.000880128978499163,-0.023104739695968934,0.7033788149511688,0.09947278595898584,0.19496666047961225,0.0173711904463808,0.01777254727985353
2A_PCA_cum80,5,1.0,0.014239596002368309,0.004068014318203845,0.0005753041020731817,0.001127596040063436,0.8859494387962035,0.18224244671720405,0.025772973978752608,0.05051502899835511,0.1324183921305025,0.03125752497523722,0.004420481574619621,0.008664143886254458,0.06068685975481818,0.07454687811921802,0.010542520606877225,0.02066334038947936,0.01815737707081285,0.014464412330860744,0.0020455768090059897,0.00400933054565174,0.015778597931475635,0.013795365102317022,0.0019509592425585231,0.003823880115414705,0.0023787791393371977,0.00449630020847353,0.000635872873532424,0.001246310832123551,0.13100896291684083,0.4139343973320432,0.05853916386397089,0.11473676117338295,0.01815737707081285,0.015778597931475635
2A_PCA_k1,3,0.3,0.0017382286017177198,0.001703277030623176,0.0002408797477185869,0.00047212430552843034,0.8774829062670801,0.2110183579185914,0.029842502367817193,0.0584913046409217,0.02977643814812401,0.021494692411420796,0.0030398085527269334,0.005958024763344789,0.06457787269154966,0.08545422653897956,0.012085052613352777,0.023686703122171443,0.018025777364625326,0.012805941709483595,0.0018110336444510996,0.003549625943124155,0.01798758551503822,0.012429287633668212,0.001757766714216978,0.0034452227598652766,3.8191849587103625e-05,0.0035186105193159385,0.0004976066717125239,0.0009753090765565467,0.0021187352320269914,0.33453210400767186,0.047309983853685636,0.09272756835322385,0.018025777364625326,0.01798758551503822
2A_PCA_k1,3,0.5,0.006767345290603718,0.0024104605236273317,0.00034089059640787247,0.00066814556895943,0.8892372042370735,0.1970885864696342,0.027872535197429917,0.054630168986962636,0.11201567735351309,0.026774384463914704,0.0037864697633059664,0.007421480736079694,0.08273409263979387,0.08578441399342773,0.01213174817097338,0.023778226415107826,0.018924764300287195,0.012382781897705242,0.0017511898099642805,0.0034323320275299898,0.016526818627481746,0.011253704095809653,0.001591514095922766,0.0031193676280086213,0.002397945672805447,0.005318406895612853,0.0007521363161994287,0.00147418717975088,0.12670940756546478,0.45200676364605274,0.06392340954326178,0.1252898827047931,0.018924764300287195,0.016526818627481746
2A_PCA_k1,3,1.0,0.023038737951767616,0.0034979903179403137,0.0004946905348680966,0.0009695934483414693,0.8062053646429667,0.25554556843489906,0.036139600868497615,0.07083361770225532,0.30003350837102644,0.023673416516773665,0.0033479266705728553,0.006561936274322796,0.11061957902259341,0.1271354800174961,0.01797967200995566,0.03524015713951309,0.021657373879974753,0.01695296739974231,0.002397511641918452,0.004699122818160166,0.01896164953623399,0.015985408106678704,0.0022606780944533843,0.004430929065128633,0.0026957243437407707,0.009429738060486581,0.0013335663454765887,0.002613790037134114,0.12447143216349676,1.1996430477482811,0.16965514681322136,0.33252408775391384,0.021657373879974753,0.01896164953623399
2A_PCA_k1,5,0.3,0.0013390580390104034,0.0020558858939341467,0.00029074617138932047,0.0005698624959230681,0.8584818431184267,0.21770227084245836,0.03078775039848254,0.06034399078102578,0.030589541042582002,0.024089677051693677,0.003406794799969311,0.00667731780793985,0.08523700183709437,0.11523225147639553,0.016296301286070566,0.03194075052069831,0.01965455023573172,0.013974462444000059,0.001976287431517835,0.0038735233657749566,0.019533211727671588,0.014077831887814958,0.0019909060784556345,0.0039021759137730437,0.00012133850806012835,0.002282616032346365,0.00032281065506344927,0.0006327088839243605,0.006173558112743782,3.9310801808599405,0.5559386906548207,1.0896398336834485,0.01965455023573172,0.019533211727671588
2A_PCA_k1,5,0.5,0.0076059035148748665,0.002717127604322409,0.0003842598708731068,0.0007531493469112892,0.8832561243247034,0.17712010704536926,0.02504856575525356,0.04909518888029697,0.1406928814130108,0.024307690687147263,0.0034376265839733836,0.0067377481045878315,0.10926036858474347,0.10253506178207485,0.014500647499097345,0.028421269098230798,0.0173711904463808,0.014364471062827979,0.0020314429793367194,0.00398162823949997,0.015972371065837137,0.012923526633968452,0.0018276626639448098,0.003582218821331827,0.0013988193805436607,0.005489909033709091,0.0007763903811665969,0.00152172514708653,0.08052524580058928,1.6772543507996254,0.2371995850450111,0.46491118668822173,0.0173711904463808,0.015972371065837137
2A_PCA_k1,5,1.0,0.025093182154964845,0.003611566891071578,0.000510752687877106,0.0010010752682391279,0.9318916968424245,0.13503256052982776,0.01909648784632483,0.03742911617879666,0.3419763430061813,0.02678396292145553,0.0037878243617620517,0.007424135749053621,0.07918179773227252,0.10031460041262479,0.014186626840757164,0.027805788607884043,0.01815737707081285,0.014464412330860744,0.0020455768090059897,0.00400933054565174,0.015531556268801682,0.011538024065767725,0.0016317230116795877,0.0031981771028919918,0.00262582080201117,0.009026886507965317,0.0012765945325567258,0.0025021252838111825,0.14461454381712735,1.4757309264514504,0.20869986906010535,0.4090517433578065,0.01815737707081285,0.015531556268801682
2A_PCA_k2,3,0.3,0.001452316393483484,0.0017708973674681473,0.0002504427074644264,0.0004908677066302758,0.8157817623739909,0.2944594062298004,0.04164284858585123,0.08161998322826841,0.02630707750496735,0.015569405719984965,0.002201846472729198,0.004315619086549228,0.10039602805761955,0.11118423034137351,0.015723824647078458,0.030818696308273778,0.018025777364625326,0.012805941709483595,0.0018110336444510996,0.003549625943124155,0.01889680080665672,0.012716743606881816,0.0017984191278073616,0.0035249014905024286,-0.0008710234420313901,0.002747780175778185,0.00038859479910054363,0.0007616458062370655,-0.04832099190022898,0.5120732883218723,0.072418098927378,0.14193947389766087,0.018025777364625326,0.01889680080665672
2A_PCA_k2,3,0.5,0.005651413080225139,0.0029820586321283467,0.0004217267761347668,0.0008265844812241429,0.8448837303065693,0.22920809665772107,0.03241491988990724,0.06353324298421818,0.07705144391022181,0.03210532649113475,0.004540378814817897,0.008899142477043077,0.08129085265832028,0.08953166452614678,0.012661689423471489,0.024816911270004117,0.018924764300287195,0.012382781897705242,0.0017511898099642805,0.0034323320275299898,0.0172247307404771,0.012352701198820834,0.0017469357567314813,0.0034239940831937033,0.001700033559810074,0.00391060217805779,0.0005530426637255091,0.0010839636209019979,0.08983116158462778,0.43717465525427934,0.061825832658638405,0.12117863201093128,0.018924764300287195,0.0172247307404771
2A_PCA_k2,3,1.0,0.029647656552047343,0.004772540969755666,0.0006749392166409706,0.0013228808646163024,0.8486118581091412,0.22506646987954068,0.03182920541390821,0.0623852426112601,0.2804955183112544,0.03258011190610907,0.00460752361212526,0.009030746279765509,0.09552642877319117,0.10614860859360015,0.015011680190010259,0.029422893172420108,0.021657373879974753,0.01695296739974231,0.002397511641918452,0.004699122818160166,0.0188913162694744,0.016384552795395146,0.002317125677666582,0.0045415663282265,0.0027660576105003345,0.007128892813267544,0.001008177690122705,0.0019760282726405017,0.12771897580149172,1.0309806347608759,0.1458026796222853,0.2857732520596792,0.021657373879974753,0.0188913162694744
2A_PCA_k2,5,0.3,0.0016102491719159728,0.0019661481530314777,0.0002780553383651927,0.0005449884631957777,0.8859634073278302,0.17134252911374764,0.02423149284839688,0.047493725982857886,0.030811602679870834,0.023478748196335063,0.003320396412679989,0.006507976968852778,0.08263169390660127,0.10862467331085973,0.01536184862045646,0.03010922329609466,0.01965455023573172,0.013974462444000059,0.001976287431517835,0.0038735233657749566,0.01964494187832769,0.013959062778101501,0.00197410958988086,0.003869254796166485,9.608357404029717e-06,0.002154947662686945,0.00030475562107760794,0.0005973210173121115,0.0004888617286474828,0.8840560500497093,0.12502440558782865,0.24504783495214416,0.01965455023573172,0.01964494187832769
2A_PCA_k2,5,0.5,0.005991899551405147,0.002456010293163243,0.00034733230659193793,0.0006807713209201983,0.861991054770602,0.1980584339100852,0.02800969233780178,0.05489899698209148,0.08972978892434812,0.029308200302096202,0.004144805435597169,0.00812381865377045,0.09129967812472195,0.10522741362124176,0.014881403547660346,0.029167550953414275,0.0173711904463808,0.014364471062827979,0.0020314429793367194,0.00398162823949997,0.016315268581084553,0.013372104439737369,0.0018911011456146064,0.0037065582454046285,0.001055921865296238,0.004961807146851914,0.0007017054960957727,0.0013753427723477145,0.06078580904144315,2.1929872450849777,0.3101352304110386,0.6078650516056356,0.0173711904463808,0.016315268581084553
2A_PCA_k2,5,1.0,0.02887817977890221,0.004544668085139498,0.0006427131242488441,0.0012597177235277345,0.900294390133671,0.1783026613455467,0.025215804188208915,0.049422976208889476,0.3104584988445256,0.0370600314622886,0.005241079911594215,0.01027251662672466,0.08178791252707007,0.08227291536384773,0.011635147272352724,0.022804888653811337,0.01815737707081285,0.014464412330860744,0.0020455768090059897,0.00400933054565174,0.015864011093316668,0.012967832669003298,0.0018339284835089354,0.0035944998276775135,0.0022933659774961746,0.00945515277259899,0.0013371605285319064,0.0026208346359225367,0.1263049155476682,1.4302906567975409,0.2022736444978604,0.39645634321580636,0.01815737707081285,0.015864011093316668
2A_PCA_k3,3,0.3,0.0011493526138706277,0.0014627577837616388,0.00020686518962625204,0.000405455771667454,0.8488280625257244,0.2498490525694486,0.03533399186897826,0.06925462406319739,0.02745751056146752,0.01727622534965677,0.0024432272196098473,0.0047887253504353,0.08408869586390123,0.10370535702346376,0.014666152239332635,0.028745658389091964,0.018025777364625326,0.012805941709483595,0.0018110336444510996,0.003549625943124155,0.01849791001603794,0.01281701945712886,0.0018126002745471478,0.0035526965381124094,-0.0004721326514126211,0.0025612760565458742,0.00036221913361486537,0.0007099495018851361,-0.026192082697035435,0.6566001268331753,0.09285728044233708,0.18200026966698069,0.018025777364625326,0.01849791001603794
2A_PCA_k3,3,0.5,0.004811555548029336,0.002576726062628102,0.0003644040944288887,0.0007142320250806218,0.8480833482310591,0.2417771249481578,0.03419244891732592,0.0670171998779588,0.05914895110838517,0.026180505333524017,0.003702482571245081,0.007256865839640359,0.06510667378960301,0.06976355656728887,0.009866056785684252,0.019337471299941133,0.018924764300287195,0.012382781897705242,0.0017511898099642805,0.0034323320275299898,0.017887983447414716,0.012631774732456936,0.0017864027143482371,0.0035013493201225447,0.0010367808528724636,0.0037774416736505723,0.0005342109245949962,0.0010470534122061924,0.05478434692350409,0.5817019857910823,0.08226508375651101,0.16123956416276158,0.018924764300287195,0.017887983447414716
2A_PCA_k3,3,1.0,0.02603552034213964,0.006022305993545825,0.0008516826812833282,0.0016692980553153233,0.8373509857326323,0.2526771874626906,0.0357339505412026,0.07003854306075709,0.22122357898087924,0.038942776211916746,0.0055073402275353,0.010794386845969188,0.10287210681230365,0.10642118497787617,0.015050228311952836,0.02949844749142756,0.021657373879974753,0.01695296739974231,0.002397511641918452,0.004699122818160166,0.019691983300634982,0.015788476445981747,0.002232827751911555,0.004376342393746647,0.001965390579339768,0.0073165324359448485,0.0010347139400455863,0.002028039322489349,0.09074925659186439,1.12196337561859,0.15866958222857092,0.310992381167999,0.021657373879974753,0.019691983300634982
2A_PCA_k3,5,0.3,0.0011869311735505518,0.0017479191738740206,0.0002471931001624616,0.00048449847631842473,0.8925704198286374,0.17417400183454093,0.02463192356072041,0.048278570179012006,0.027642369938346928,0.018378796038045136,0.0025991542617092335,0.005094342352950098,0.0702061398944052,0.08984178364512363,0.012705546889872315,0.024902871904149738,0.01965455023573172,0.013974462444000059,0.001976287431517835,0.0038735233657749566,0.0196490969107944,0.013728844464788661,0.001941551803781492,0.003805441535411724,5.453324937320552e-06,0.0024741736975431683,0.00034990099987323363,0.000685805959751538,0.00027745864809491927,2.8505432663218193,0.40312769473636184,0.7901302816832692,0.01965455023573172,0.0196490969107944
2A_PCA_k3,5,0.5,0.0050984001609155885,0.002810674632089169,0.00039748941841185123,0.0007790792600872284,0.8794466099507787,0.18586986739671654,0.02628596873089253,0.05152049871254936,0.07027237908918817,0.02625217110411457,0.0037126176417177892,0.007276730577766867,0.08640913312314774,0.10945223985183214,0.015478884203057397,0.0303386130379925,0.0173711904463808,0.014364471062827979,0.0020314429793367194,0.00398162823949997,0.016815214479800104,0.01335010911844875,0.0018879905374470946,0.0037004614533963053,0.0005559759665806967,0.0041571468716106634,0.0005879093486608684,0.001152302323375302,0.03200563417324853,1.1980810371593555,0.16943424515727845,0.3320911205082658,0.0173711904463808,0.016815214479800104
2A_PCA_k3,5,1.0,0.025004282592340735,0.005765921428779762,0.0008154244284157993,0.0015982318796949665,0.9156399829421131,0.16384659782877498,0.023171408079814368,0.04541595983643616,0.24240727302299545,0.04539620434796938,0.006419992786915876,0.012583185862355116,0.0653908037242996,0.08197965669438734,0.011593674233589287,0.022723601497835002,0.01815737707081285,0.014464412330860744,0.0020455768090059897,0.00400933054565174,0.01601122446228505,0.012655842928761865,0.0017898064713118662,0.0035080206837712576,0.0021461526085277943,0.007544617294688112,0.0010669700101062537,0.002091261219808257,0.11819728147727027,0.9565027384233504,0.1352699145125307,0.26512903244456015,0.01815737707081285,0.01601122446228505
2B_clustering,3,0.3,0.001438258971642644,0.001859669124655329,0.0002629969297614068,0.0005154739823323573,0.885339915878417,0.22089623951782003,0.031239445780331672,0.06122931372945008,0.023123305859727106,0.01387459896707634,0.0019621646031727094,0.0038458426222185106,0.12218018243327457,0.11109399447013682,0.01571106336778691,0.030793684200862342,0.018025777364625326,0.012805941709483595,0.0018110336444510996,0.003549625943124155,0.01803015930918875,0.012293283837559928,0.0017385328729179219,0.0034075244309191267,-4.381944563441268e-06,0.0030467018656081535,0.00043086870988504614,0.0008445026713746904,-0.00024309323669036154,0.3648557785130174,0.05159839902833033,0.10113286209552744,0.018025777364625326,0.01803015930918875
2B_clustering,3,0.5,0.006075458874104176,0.0026077296648161783,0.00036878866589856843,0.0007228257851611941,0.8672234913938972,0.23582434453104698,0.033350598637355205,0.0653671733292162,0.07895773057887898,0.021975510895128777,0.0031078065547968828,0.00609130084740189,0.09957592965570773,0.07704707239349898,0.010896101472002793,0.021356358885125472,0.018924764300287195,0.012382781897705242,0.0017511898099642805,0.0034323320275299898,0.01787655577462176,0.011634375634688675,0.001645349181231981,0.0032248843952146825,0.001048208525665432,0.004310031565834618,0.0006095305094659464,0.001194679798553255,0.05538819448596921,0.550917511320321,0.0779115016258031,0.15270654318657406,0.018924764300287195,0.01787655577462176
2B_clustering,3,1.0,0.026043047804020357,0.004500138488016382,0.0006364156882309921,0.0012473747489327445,0.8125673589928196,0.26453908282471994,0.03741147587084584,0.07332649270685784,0.23347673183637657,0.04010943334583157,0.005672330461677468,0.011117767704887836,0.11136726292638946,0.10328484862377714,0.014606683371139772,0.028629099407433953,0.021657373879974753,0.01695296739974231,0.002397511641918452,0.004699122818160166,0.02011655473907933,0.015433714518045436,0.002182656838921439,0.004278007404286021,0.001540819140895422,0.007250104765963211,0.0010253196488650986,0.0020096265117755933,0.071145243621625,1.0392052387765154,0.14696581427669186,0.28805299598231604,0.021657373879974753,0.02011655473907933
2B_clustering,5,0.3,0.001679395288277986,0.0015849294662190747,0.00022414287465317656,0.00043932003432022607,0.8699883976674571,0.2157419774608774,0.030510523049836338,0.05980062517767922,0.03075938104172208,0.014571365269090754,0.002060702238584043,0.004038976387624724,0.15522257510328347,0.1043792902234208,0.01476146078648391,0.028932463141508463,0.01965455023573172,0.013974462444000059,0.001976287431517835,0.0038735233657749566,0.01953040852194851,0.014610640655631606,0.0020662566170153943,0.004049862969350173,0.0001241417137832099,0.0025783954636458936,0.0003646401833849287,0.0007146947594344603,0.006316181865994586,4.269709490217217,0.6038281068458301,1.183503089417827,0.01965455023573172,0.01953040852194851
2B_clustering,5,0.5,0.005854600631165579,0.0019609217194169136,0.0002773162090351368,0.0005435397697088681,0.8664923248640887,0.19777242096946815,0.027969243999838293,0.054819718239683055,0.07269066143399344,0.017903632082159286,0.0025319559306327716,0.004962633624040232,0.15162577334020885,0.08983514109184289,0.012704607490978475,0.02490103068231781,0.0173711904463808,0.014364471062827979,0.0020314429793367194,0.00398162823949997,0.01671682698732259,0.013297233241557434,0.0018805127592248876,0.0036858050080807794,0.0006543634590582147,0.003522021852595589,0.0004980891070915096,0.0009762546498993587,0.03766946549103911,0.6821793559480106,0.09647472971526197,0.18909047024191344,0.0173711904463808,0.01671682698732259
2B_clustering,5,1.0,0.02434646269332019,0.0041226026597997465,0.0005830240593764196,0.0011427271563777823,0.901658844519724,0.18903248930397434,0.026733231010282753,0.0523971327801542,0.21425084058467964,0.03064135752336887,0.0043333423379071125,0.008493350982297941,0.1448065280215774,0.10184944031134922,0.014403685980841909,0.02823122452245014,0.01815737707081285,0.014464412330860744,0.0020455768090059897,0.00400933054565174,0.016576877053602466,0.012996615381956192,0.001837998973810923,0.0036024779886694087,0.00158050001721037,0.005942113902606618,0.0008403418070231999,0.0016470699417654717,0.0870445114978069,1.1527887359540232,0.16302894649371164,0.3195367351276748,0.01815737707081285,0.016576877053602466
GMM,3,0.3,0.001257655113373758,0.0015089212158499532,0.00021339368480075043,0.0004182516222094708,0.8771783482978185,0.21251275489849872,0.030053842015472627,0.05890553035032635,0.017389135410511163,0.01064817380677383,0.00150587918120455,0.002951523195160918,0.08518468616351861,0.06787595281731486,0.009599109303324296,0.01881425423451562,0.018025777364625326,0.012805941709483595,0.0018110336444510996,0.003549625943124155,0.017908567195868755,0.012650191931575324,0.0017890072996256522,0.0035064543072662784,0.00011721016875655993,0.0017272121289701196,0.00024426468178848505,0.00047875877630543066,0.006502364163588847,0.7359241686890993,0.10407539402382696,0.20398777228670084,0.018025777364625326,0.017908567195868755
GMM,3,0.5,0.0044288091483711,0.002385896240750694,0.00033741668220846143,0.0006613366971285844,0.8554450246805867,0.22362186366792275,0.031624907244232364,0.06198481819869543,0.0527737077027954,0.02162366960187344,0.0030580486819244243,0.005993775416571871,0.08042124294310199,0.06460318657770907,0.009136270263071566,0.01790708971562027,0.018924764300287195,0.012382781897705242,0.0017511898099642805,0.0034323320275299898,0.0178786809222429,0.012027912482545366,0.00170100369598523,0.0033339672441310506,0.0010460833780442699,0.0037011323780940446,0.0005234191605238784,0.0010259015546268016,0.055275899950226526,0.5249733358217988,0.07424244114034333,0.14551518463507293,0.018924764300287195,0.0178786809222429
GMM,3,1.0,0.018953567393172083,0.004618213074365801,0.0006531139563696863,0.0012801033544845852,0.8196803361203073,0.23505582012286896,0.033241912873249194,0.06515414923156841,0.17839974708424614,0.03779998454149135,0.00534572507960704,0.010477621156029798,0.09850231210446278,0.0847825947654992,0.011990069537055113,0.02350053629262802,0.021657373879974753,0.01695296739974231,0.002397511641918452,0.004699122818160166,0.020309010564187747,0.015819419249172607,0.0022372037251045906,0.004384919301204998,0.001348363315787008,0.006610736254706022,0.0009348992868676775,0.001832402602260648,0.06225885572552059,1.1714469468757949,0.16566761598723037,0.3247085273349715,0.021657373879974753,0.020309010564187747
GMM,5,0.3,0.0016704074764679593,0.0022681076152255694,0.00032075885503736977,0.0006286873558732448,0.899596900714687,0.18073296322114726,0.025559500775522423,0.05009662152002395,0.02037569403236396,0.011340673513681522,0.0016038134289493749,0.0031434743207407745,0.11569602278555237,0.05351959700606884,0.007568813993872505,0.01483487542799011,0.01965455023573172,0.013974462444000059,0.001976287431517835,0.0038735233657749566,0.0193810054484776,0.014074276676111748,0.001990403295594856,0.0039011904593659174,0.00027354478725411457,0.0020881660165390442,0.0002953112701076117,0.0005788100894109189,0.01391763148855063,4.245754196974377,0.6004403167863653,1.176863020901276,0.01965455023573172,0.0193810054484776
GMM,5,0.5,0.0035097244115076674,0.00246792813518213,0.00034901774397367094,0.000684074778188395,0.8283139688743222,0.24015792588331736,0.033963459589557994,0.06656838079553366,0.04850053962445634,0.0185780938262683,0.0026273392252148496,0.005149584881421105,0.11513490997790317,0.06370677346330328,0.009009498304683389,0.017658616677179443,0.0173711904463808,0.014364471062827979,0.0020314429793367194,0.00398162823949997,0.01735007392051646,0.013946394250013058,0.0019723179894570613,0.00386574325933584,2.1116525864343494e-05,0.002938804802714266,0.00041560976091657026,0.0008145951313964777,0.0012156061456766176,2.7410177692347744,0.3876384503957464,0.7597713627756629,0.0173711904463808,0.01735007392051646
GMM,5,1.0,0.015520684733889303,0.00423886272154739,0.0005994657149850047,0.0011749528013706091,0.8789228448769214,0.20759323740656205,0.029358117179729776,0.05754190967227036,0.13481412811662885,0.03780780705995331,0.005346831350777122,0.010479789447523159,0.08926477739584394,0.05671072331768314,0.008020107404785561,0.0157194105133797,0.01815737707081285,0.014464412330860744,0.0020455768090059897,0.00400933054565174,0.017320753943400734,0.013352272179283304,0.001888296440443941,0.003701061023270124,0.0008366231274121072,0.004938276153167655,0.0006983777110553333,0.0013688203136684534,0.046076210465274214,0.5852863723721589,0.08277199256808566,0.1622331054334479,0.01815737707081285,0.017320753943400734
PS_propensity_score,3,0.3,0.0012456210425566272,0.0016308999316732467,0.00023064408022456593,0.00045206239724014923,0.8439869007304702,0.2395589571173256,0.033878752614327656,0.0664023551240822,0.01305858007143424,0.013223787482876915,0.0018701259604224105,0.0036654468824279243,0.08115161176113596,0.09731035301667589,0.013761762099549666,0.026973053715117344,0.018025777364625326,0.012805941709483595,0.0018110336444510996,0.003549625943124155,0.017672065777185015,0.012858973470562798,0.0018185334680265734,0.0035643255973320837,0.000353711587440296,0.003404928999114794,0.000481529676946559,0.0009437981668152557,0.01962254277779174,0.5371709649395033,0.0759674463930488,0.14889619493037565,0.018025777364625326,0.017672065777185015
PS_propensity_score,3,0.5,0.0023260973917977076,0.0024523835131497916,0.00034681940244366124,0.000679766028789576,0.8977849366272714,0.19147789754976458,0.027079063960956308,0.05307496536347436,0.02647661707487806,0.023425945850352237,0.0033129290332985857,0.006493340905265228,0.06611301003484597,0.07897542138065095,0.011168811201064667,0.021890869954086747,0.018924764300287195,0.012382781897705242,0.0017511898099642805,0.0034323320275299898,0.017267961462979167,0.011666151835379973,0.0016498430146298132,0.003233692308674434,0.0016568028373080076,0.0054615035524167785,0.0007723732394776646,0.0015138515493762226,0.08754681490447336,1.0779166202251755,0.15244043034298121,0.29878324347224317,0.018924764300287195,0.017267961462979167
PS_propensity_score,3,1.0,0.008378561096635444,0.005354482665144459,0.000757238200453893,0.0014841868728896303,0.8410056046157299,0.22939963724210652,0.03244200781912552,0.06358633532548602,0.07668163832753494,0.06211785727229151,0.008784791622003085,0.017218191579126046,0.07070932426133977,0.10004138452362828,0.014147988279189696,0.027730057027211805,0.021657373879974753,0.01695296739974231,0.002397511641918452,0.004699122818160166,0.020405628181897312,0.015443835480367218,0.002184088159139412,0.004280812791913248,0.0012517456980774473,0.007823528468605826,0.001106414006591437,0.0021685714529192167,0.057797667668047836,1.3148458445020454,0.1859472825724698,0.36445667384204083,0.021657373879974753,0.020405628181897312
PS_propensity_score,5,0.3,0.0008221341859409111,0.001356354298162869,0.000191817464384497,0.0003759622301936141,0.880174652650041,0.1763551323949394,0.024940382002702606,0.04888314872529711,0.017246261451735554,0.014623439336412686,0.0020680666238095035,0.004053410582666627,0.07087391784968898,0.07789099270400687,0.011015449826871032,0.02159028166066722,0.01965455023573172,0.013974462444000059,0.001976287431517835,0.0038735233657749566,0.018601508907459728,0.014077816882771025,0.001990903956421971,0.0039021717545870633,0.0010530413282719721,0.0038434364878056006,0.0005435440007174295,0.0010653462414061618,0.05357748285471198,4.14108862841756,0.5856383701297111,1.1478512054542338,0.01965455023573172,0.018601508907459728
PS_propensity_score,5,0.5,0.0028537811703952193,0.001956756755728595,0.0002767271942216557,0.0005423853006744451,0.8212356226144583,0.22579623509612415,0.031932409800572256,0.06258752320912161,0.030300232689675695,0.024681676238145413,0.0034905161278086993,0.0068414116105050505,0.06616192027329144,0.08103930105633701,0.011460687863910808,0.022462948213265183,0.0173711904463808,0.014364471062827979,0.0020314429793367194,0.00398162823949997,0.016108232606955406,0.01353443090728322,0.0019140575748081523,0.0037515528466239784,0.0012629578394253835,0.005432851178306705,0.0007683211818715992,0.0015059095164683344,0.07270416171670746,4.412290201633588,0.6239920644276138,1.223024446278123,0.0173711904463808,0.016108232606955406
PS_propensity_score,5,1.0,0.010780683341701364,0.006711242721598215,0.0009491130477261917,0.0018602615735433356,0.8938205629457078,0.20522305863771426,0.029022923283714443,0.05688492963608031,0.11273914517068864,0.07907214046272425,0.0111824893448255,0.02191767911585798,0.06637503121695383,0.08222424930677807,0.01162826485255921,0.02279139911101605,0.01815737707081285,0.014464412330860744,0.0020455768090059897,0.00400933054565174,0.016148057114767668,0.010930417026817388,0.0015457944001718953,0.0030297570243369145,0.0020093199560451856,0.009604232180405282,0.001358243540570927,0.002662157339519017,0.11066135533832544,1.4293534808981794,0.20214110781113978,0.396196571309834,0.01815737707081285,0.016148057114767668
Prognostic_score,3,0.3,0.0026147760035324487,0.001693775932165356,0.0002395360894889378,0.00046949073539831807,0.8307936298491049,0.263612054671487,0.03728037429214547,0.07306953361260513,0.046357071538499876,0.016705588189362873,0.002362526938481677,0.004630552799424087,0.09733951344191044,0.09440527982097616,0.013350922708245155,0.026167808508160504,0.018025777364625326,0.012805941709483595,0.0018110336444510996,0.003549625943124155,0.0175627981041488,0.01335095130986528,0.0018881096412994318,0.003700694896946886,0.00046297926047650736,0.00340439490591357,0.00048145414476168476,0.0009436501237329022,0.025684288178611236,1.1102948285602612,0.15701940047826318,0.30775802493739585,0.018025777364625326,0.0175627981041488
Prognostic_score,3,0.5,0.008084956893891292,0.003066473447334408,0.00043366483378772983,0.0008499830742239505,0.8540219144844534,0.23999931134878064,0.033941028106964866,0.06652441508965114,0.11330889827109786,0.027085989401947102,0.0038305373562527506,0.007507853218255391,0.058858235404880464,0.07736684780291359,0.010941324544093549,0.021444996106423354,0.018924764300287195,0.012382781897705242,0.0017511898099642805,0.0034323320275299898,0.017058011195771924,0.01170170818992976,0.0016548714425130987,0.003243548027325673,0.0018667531045152483,0.004483163311700447,0.000634015035774025,0.001242669470117089,0.09864075847364406,0.5107232959541341,0.07222718117582246,0.141565275104612,0.018924764300287195,0.017058011195771924
Prognostic_score,3,1.0,0.025807468423108597,0.004988201339109953,0.000705438198561693,0.0013826588691809181,0.8626283446595227,0.22059117341340254,0.031196302918102915,0.06114475371948171,0.29910072552520045,0.031509813148817276,0.004456160510289947,0.008734074600168297,0.10372945337484114,0.11461295985083238,0.016208720224477016,0.031769091639974954,0.021657373879974753,0.01695296739974231,0.002397511641918452,0.004699122818160166,0.018802956392506242,0.015296412281031301,0.0021632393703484836,0.004239949165883028,0.0028544174874685097,0.007948311069482067,0.001124060931242174,0.002203159425234661,0.131798873828734,1.138294145038758,0.16097910178836985,0.31551903950520493,0.021657373879974753,0.018802956392506242
Prognostic_score,5,0.3,0.002849399047428574,0.0018979386496294226,0.0002684090578858007,0.0005260817534561694,0.9108806604888242,0.1524429422894406,0.021558687647378595,0.042255027788862046,0.05688894593521272,0.022275323133046556,0.003150206408099758,0.006174404559875526,0.07176380551382133,0.08896955368533396,0.012582194946008046,0.02466110209417577,0.01965455023573172,0.013974462444000059,0.001976287431517835,0.0038735233657749566,0.018619457825104362,0.014095575575510217,0.0019934154148341494,0.0039070942130749325,0.0010350924106273499,0.004000668057440349,0.0005657799025384966,0.0011089286089754533,0.05266426340021624,4.525446483609885,0.6399947792914732,1.2543897674112874,0.01965455023573172,0.018619457825104362
Prognostic_score,5,0.5,0.007756945948926862,0.0028271783455198944,0.00039982339594817626,0.0007836538560584255,0.8573898304299498,0.19184053086659839,0.02713034805643978,0.053175482190621966,0.13096949474529196,0.02902263588612702,0.004104420528597692,0.008044664236051475,0.1092471569660321,0.10582819883900889,0.014966367407964299,0.029334080119610025,0.0173711904463808,0.014364471062827979,0.0020314429793367194,0.00398162823949997,0.016478580297029557,0.013262321218431631,0.0018755754535654482,0.0036761278889882783,0.0008926101493512199,0.005333404939135702,0.0007542573598553361,0.0014783444253164588,0.05138451231114172,2.2205117015836517,0.3140277763787759,0.6154944417024008,0.0173711904463808,0.016478580297029557
Prognostic_score,5,1.0,0.026897297934382555,0.004028230913721524,0.0005696778790555544,0.0011165686429488865,0.9093443564606788,0.17104591925281104,0.024189545879589866,0.047411509923996134,0.3372382221030394,0.028017002338046736,0.003962202468350441,0.007765916837966864,0.08262275203356373,0.0975934937572371,0.013801804247085868,0.027051536324288302,0.01815737707081285,0.014464412330860744,0.0020455768090059897,0.00400933054565174,0.015523310503781538,0.012194314144681442,0.0017245364447246562,0.003380091431660326,0.0026340665670313013,0.00889263868621653,0.0012576090235331078,0.0024649136861248913,0.14506867135922696,1.6853762372561634,0.23834819324290013,0.46716245875608425,0.01815737707081285,0.015523310503781538
baseline_oracle_kmeans,3,0.3,0.3261746293676647,0.01537737713736487,0.002174689530138736,0.004262391479071923,0.9035024143919849,0.2015578128594226,0.028504579254805363,0.05586897533941851,0.2381927802853398,0.06166927027559925,0.008721351840540443,0.017093849607459268,0.005412053612913201,0.0047963803104275485,0.0006783106085305915,0.0013294887927199593,0.018025777364625326,0.012805941709483595,0.0018110336444510996,0.003549625943124155,0.018343899290485553,0.012719232473213044,0.001798771106659417,0.0035255913690524572,-0.000318121925860224,0.004846168132381677,0.0006853516698354461,0.0013432892728774742,-0.017648166812740396,1.4822940905488762,0.20962804062797133,0.4108709596308238,0.018025777364625326,0.018343899290485553
baseline_oracle_kmeans,3,0.5,0.32508410175796215,0.016963218625513102,0.002398961384170052,0.004701964312973301,0.8607680302332578,0.2319552864828079,0.032803431200812354,0.0642947251535922,0.22532361633373021,0.058587151085148614,0.008285474364541877,0.016239529754502078,0.0054980068782542755,0.0067354893334004955,0.0009525420364514298,0.0018669823914448022,0.018924764300287195,0.012382781897705242,0.0017511898099642805,0.0034323320275299898,0.01692789464409779,0.010879414796479414,0.0015385815955863713,0.0030156199273492874,0.0019968696561893963,0.005239953211904184,0.0007410412898475356,0.0014524409281011699,0.10551622332010235,0.6035213255986974,0.08535080438430664,0.16728757659324103,0.018924764300287195,0.01692789464409779
baseline_oracle_kmeans,3,1.0,0.329841980563502,0.010620665811099373,0.001501988963148898,0.00294389836777184,0.8571615937398702,0.2344468764784696,0.03315579523718615,0.06498535866488485,0.21691093096022904,0.05651801496247095,0.007992854327833192,0.015665994482553056,0.02067489809823841,0.015693343357092212,0.0022193739014577524,0.004349972846857194,0.021657373879974753,0.01695296739974231,0.002397511641918452,0.004699122818160166,0.020099123424233586,0.016184348723520307,0.0022888125462978107,0.004486072590743709,0.0015582504557411535,0.004256985042309558,0.0006020285981653581,0.0011799760524041018,0.07195011105118276,0.9958874182839141,0.14083974935338386,0.27604590873263235,0.021657373879974753,0.020099123424233586
baseline_oracle_kmeans,5,0.3,0.38132019329797323,0.024022125054340954,0.00339724150488715,0.006658593349578814,0.9133547559925285,0.16287168660997234,0.02303353481304033,0.04514572823355905,0.36891987157651873,0.1008073298177908,0.014256309301493745,0.02794236623092774,0.008675252232770865,0.005751029451604891,0.000813318384806674,0.0015941040342210809,0.01965455023573172,0.013974462444000059,0.001976287431517835,0.0038735233657749566,0.016391634185908423,0.012887410576308623,0.0018225550820886117,0.003572207960893679,0.0032629160498232716,0.008746095044853807,0.0012368846230236376,0.0024242938611263296,0.16601326464806898,3.2258570718827544,0.45620508213337513,0.8941619609814152,0.01965455023573172,0.016391634185908423
baseline_oracle_kmeans,5,0.5,0.3774007575227081,0.022375695235734596,0.0031644011669902912,0.006202226287300971,0.8504418009277915,0.2096420625778842,0.02964786481415129,0.05810981503573653,0.38767232497644416,0.09865272263879589,0.01395160183208164,0.027345139590880016,0.018710832871705524,0.013918235571669529,0.0019683357509758695,0.003857938071912704,0.0173711904463808,0.014364471062827979,0.0020314429793367194,0.00398162823949997,0.016713035768190426,0.013278467262789636,0.001877858849056425,0.003680603344150593,0.0006581546781903602,0.007574063284012108,0.0010711343018522026,0.002099423231630317,0.037887713005155366,2.474195441094039,0.3499040748756872,0.6858119867563469,0.0173711904463808,0.016713035768190426
baseline_oracle_kmeans,5,1.0,0.3741787896637808,0.019626412194018252,0.0027755938305505305,0.00544016390787904,0.9107733974040526,0.17508282427042404,0.024760450462181897,0.04853048290587652,0.37909623633153294,0.09193471227116756,0.013001531694675337,0.02548300212156366,0.03218553669753573,0.021312578564366077,0.0030140537654868614,0.005907545380354248,0.01815737707081285,0.014464412330860744,0.0020455768090059897,0.00400933054565174,0.014739161218368668,0.013046232956359163,0.0018450159584761968,0.0036162312786133456,0.0034182158524441626,0.00652964903731373,0.0009234318226105499,0.0018099263723166778,0.18825493567233387,1.1410632055453185,0.1613707060807108,0.31628658391819314,0.01815737707081285,0.014739161218368668
baseline_oracle_quantile,3,0.3,0.05238237192153919,0.004926053425189467,0.0006966491562877382,0.0013654323463239669,0.8275818179227713,0.23881698587115793,0.033773822034405536,0.06619669118743485,0.3877981840805384,0.024165647999796497,0.0034175387144846463,0.006698375880389906,0.007888859288714307,0.0068775789476352295,0.000972636542403742,0.0019063676231113342,0.018025777364625326,0.012805941709483595,0.0018110336444510996,0.003549625943124155,0.016072771170925638,0.013096593238371479,0.0018521379778588718,0.0036301904366033886,0.0019530061936996607,0.006184519843711228,0.0008746231839741952,0.0017142614405894225,0.10834518557476269,0.6993684927302977,0.09890564075156162,0.19385505587306076,0.018025777364625326,0.016072771170925638
baseline_oracle_quantile,3,0.5,0.05163862269949743,0.004817626082001614,0.0006813152143609039,0.0013353778201473715,0.8540439142182215,0.24028955920299316,0.033982075352152565,0.06660486769021902,0.3855423842068101,0.025684188019453092,0.0036322927035651125,0.00711929369898762,0.014106163375252135,0.014193415592714448,0.0020072520827614532,0.003934214082212448,0.018924764300287195,0.012382781897705242,0.0017511898099642805,0.0034323320275299898,0.016019585324778478,0.011691062875144521,0.0016533659676585973,0.0032405972966108505,0.002905178975508694,0.006885852242622421,0.0009738065630013819,0.0019086608634827085,0.15351202949801757,1.7646613405824398,0.24956080008471737,0.489139168166046,0.018924764300287195,0.016019585324778478
baseline_oracle_quantile,3,1.0,0.05084879926831307,0.005787691812225897,0.000818503225568558,0.0016042663221143736,0.8464165380375265,0.214541938486042,0.030340811910477487,0.05946799134453588,0.3878714192334555,0.017715957131000753,0.002505414684508161,0.0049106127816359955,0.045269110294384955,0.05426863081759852,0.007674743371366633,0.0150424970078786,0.021657373879974753,0.01695296739974231,0.002397511641918452,0.004699122818160166,0.01990177990405126,0.01575655305899618,0.0022283131032283673,0.0043674936823276,0.0017555939759234856,0.009328915097318952,0.0013193078252855582,0.002585843337559694,0.08106218166860868,3.0498971611868746,0.4313205929193679,0.8453883621219611,0.021657373879974753,0.01990177990405126
baseline_oracle_quantile,5,0.3,0.09512965050088092,0.004264775980003724,0.0006031304031404274,0.0011821355901552378,0.893457947263644,0.1774931490616087,0.02510132186312364,0.04919859085172234,0.4441383028317086,0.023794184199624775,0.0033650058000712964,0.006595411368139741,0.008966809999024968,0.007650419299832876,0.001081932673166453,0.002120588039406248,0.01965455023573172,0.013974462444000059,0.001976287431517835,0.0038735233657749566,0.017349773186744327,0.01346361793049833,0.001904043107592032,0.003731924490880383,0.002304777048987392,0.00815047039485051,0.0011526505772117986,0.0022591951313351254,0.11726429866593113,11.040678188250487,1.561387683162065,3.0603198589976475,0.01965455023573172,0.017349773186744327
baseline_oracle_quantile,5,0.5,0.09515237085224129,0.005145960355435629,0.0007277486926091338,0.0014263874375139024,0.9033988077946253,0.16704683721943306,0.023623990274725296,0.04630302093846158,0.44051331952863043,0.02253951516814163,0.0031875688040099983,0.006247634855859597,0.014954670280857,0.012548611459640027,0.0017746416515173366,0.0034782976369739796,0.0173711904463808,0.014364471062827979,0.0020314429793367194,0.00398162823949997,0.01657647833507905,0.01153075455085939,0.0016306949470220634,0.0031961620961632443,0.000794712111301744,0.009564075254609474,0.001352564493662563,0.0026510264075786235,0.04574885721014721,6.900968760791873,0.9759443615024918,1.912850948544884,0.0173711904463808,0.01657647833507905
baseline_oracle_quantile,5,1.0,0.09528508679212519,0.004702458744658,0.0006650280933195302,0.0013034550629062792,0.8956450576634022,0.17837669602330686,0.025226274272746346,0.049443497574582836,0.4379333336628001,0.02013566151171541,0.002847612559722187,0.005581320617055486,0.03302093183081353,0.04050757495907983,0.005728636188597546,0.01122812692965119,0.01815737707081285,0.014464412330860744,0.0020455768090059897,0.00400933054565174,0.014046758867853686,0.01233421899805113,0.0017443219788323796,0.003418871078511464,0.004110618202959159,0.011255817962086164,0.0015918130417584943,0.0031199535618466486,0.22638832618433613,2.00562565322278,0.28363829998310536,0.5559310679668865,0.01815737707081285,0.014046758867853686
baseline_random,3,0.3,0.00010735800619327561,0.000924401215575564,0.00013073007361411376,0.00025623094428366296,0.8345488884824813,0.26832740772255587,0.03794722591576537,0.07437656279490013,0.0015535082993175004,0.0015527627088790467,0.00021959380820439335,0.000430403864080611,0.0026439249398041015,0.0024257004711384393,0.0003430458504538787,0.0006723698668896022,0.018025777364625326,0.012805941709483595,0.0018110336444510996,0.003549625943124155,0.017663499201961672,0.012788520488130707,0.0018085699117000639,0.003544797026932125,0.00036227816266364433,0.0011161183562158829,0.00015784297165740669,0.0003093722244485171,0.02009778304344345,0.15724415840965741,0.02223768214268809,0.04358585699966865,0.018025777364625326,0.017663499201961672
baseline_random,3,0.5,-0.0002801586104886903,0.0009125298549517955,0.00012905120969431823,0.0002529403710008637,0.9338367474912015,0.17301112938593594,0.024467468561907693,0.04795623838133908,0.002120256185367309,0.0019933591704614597,0.00028190355735473784,0.0005525309724152862,0.002176594561692601,0.0016222844445730584,0.00022942566635421227,0.00044967430605425605,0.018924764300287195,0.012382781897705242,0.0017511898099642805,0.0034323320275299898,0.019099681466345966,0.012365985634749511,0.0017488144596773624,0.00342767634096763,-0.00017491716605876645,0.001088729778413586,0.00015396964183919478,0.00030178049800482176,-0.009242765895695504,0.19213528185100487,0.027172032140406827,0.05325718299519738,0.018924764300287195,0.019099681466345966
baseline_random,3,1.0,2.8337304281009504e-05,0.0010675686992141801,0.00015097701331936967,0.00029591494610596455,0.9102895926803236,0.1834380563178171,0.025942058710001655,0.050846435071603246,0.0018253081707945858,0.0018302002810311573,0.00025882940592933124,0.0005073056356214892,0.0016711356588846719,0.0018600115673282204,0.0002630453584686406,0.0005155689025985356,0.021657373879974753,0.01695296739974231,0.002397511641918452,0.004699122818160166,0.02165270314009907,0.016963258130768984,0.0023989669710569174,0.004701975263271558,4.6707398756927e-06,0.0008689906076618304,0.00012289383029301978,0.00024087190737431875,0.0002156651079474603,0.3315423303767945,0.04688716601196441,0.09189884538345024,0.021657373879974753,0.02165270314009907
baseline_random,5,0.3,0.00026666223545398967,0.001462345335451835,0.00020680686062690183,0.0004053414468287276,0.9253534332769398,0.15352764536842353,0.021712087827923145,0.04255569214272936,0.0035203266029648524,0.0023189262116602265,0.00032794568986723545,0.0006427735521397815,0.003818750376752318,0.003044858922621451,0.00043060807838839866,0.0008439918336412614,0.01965455023573172,0.013974462444000059,0.001976287431517835,0.0038735233657749566,0.019783706329927545,0.013780059870554936,0.0019487947559252026,0.003819637721613397,-0.0001291560941958155,0.0013503418895720648,0.00019096718140733263,0.00037429567555837196,-0.006571307541854754,0.5731399155577692,0.08105422417191677,0.15886627937695685,0.01965455023573172,0.019783706329927545
baseline_random,5,0.5,-0.00023740979905406755,0.0012345126455359677,0.00017458645262380547,0.00034218944714265874,0.8721119169275862,0.18881408933590493,0.026702344590596193,0.05233659539756854,0.003968647066565626,0.0024313753865207446,0.0003438484046837763,0.0006739428731802015,0.0043337972791404,0.0028384265381266724,0.0004014141306018453,0.0007867716959796168,0.0173711904463808,0.014364471062827979,0.0020314429793367194,0.00398162823949997,0.017332397379611054,0.014219213304309593,0.0020109004301230578,0.003941364843041193,3.8793066769734774e-05,0.0016349745991054436,0.00023122032521904324,0.00045319183742932476,0.0022331841268730113,0.7319982504263435,0.10352018533863121,0.20289956326371716,0.0173711904463808,0.017332397379611054
baseline_random,5,1.0,-1.80482324595226e-05,0.0013094169447096758,0.00018517952020095647,0.0003629518595938747,0.8757592826037773,0.1973591973742512,0.027910805358573456,0.05470517850280397,0.0034716007798577682,0.002158842543141744,0.0003053064403539078,0.0005984006230936593,0.0036740712652924834,0.002430399336309904,0.00034371037033920353,0.000673672325864839,0.01815737707081285,0.014464412330860744,0.0020455768090059897,0.00400933054565174,0.017977628126020828,0.014451158300171121,0.002043702406010252,0.004005656715780094,0.00017974894479202107,0.0015478572788050298,0.0002189000756303986,0.00042904414823558126,0.00989949947566826,0.28037307580419285,0.03965074063265494,0.07771545164000368,0.01815737707081285,0.017977628126020828
