dataset,method,n_strata,ARI_mean,ARI_sd,ARI_se,ARI_ci95,C1_heterogeneity_mean,C1_heterogeneity_sd,C1_heterogeneity_se,C1_heterogeneity_ci95,W_est_mean,W_est_sd,W_est_se,W_est_ci95,bias_crude_mean,bias_crude_sd,bias_crude_se,bias_crude_ci95,bias_stratified_mean,bias_stratified_sd,bias_stratified_se,bias_stratified_ci95,bias_reduction_mean,bias_reduction_sd,bias_reduction_se,bias_reduction_ci95,bias_reduction_relative_mean,bias_reduction_relative_sd,bias_reduction_relative_se,bias_reduction_relative_ci95,abs_bias_crude_mean,abs_bias_stratified_mean,abs_bias_crude_se,abs_bias_stratified_se
COVID-19 CFR,1A_predicted_prob,2,0.0562758740181944,,,,0.1584428440443613,,,,0.0089087530998603,,,,0.0292626895842777,,,,0.02354997319974,,,,0.0057127163845376,,,,0.19522184958716293,,,,0.0292626895842777,0.02354997319974,,
COVID-19 CFR,1A_predicted_prob,3,0.0627497656814826,,,,0.3641330083548798,,,,0.0346269897843797,,,,0.0292626895842777,,,,0.0219033342938375,,,,0.0073593552904401,,,,0.25149278466851,,,,0.0292626895842777,0.0219033342938375,,
COVID-19 CFR,1A_predicted_prob,4,0.0613358978006167,,,,0.2818017353752248,,,,0.0550047154161348,,,,0.0292626895842777,,,,0.0213045067047998,,,,0.0079581828794778,,,,0.271956644879071,,,,0.0292626895842777,0.0213045067047998,,
COVID-19 CFR,1A_predicted_prob,9,0.0425332294193476,,,,0.8333163978255679,,,,0.1035063643590999,,,,0.0292626895842777,,,,0.0202891709713785,,,,0.0089735186128991,,,,0.3066539248572867,,,,0.0292626895842777,0.0202891709713785,,
COVID-19 CFR,1B_residual,2,0.0576475614056339,,,,1.0,,,,0.0089050053166218,,,,0.0292626895842777,,,,0.0160533941390893,,,,0.0132092954451883,,,,0.4514040108017108,,,,0.0292626895842777,0.0160533941390893,,
COVID-19 CFR,1B_residual,3,0.0648399776726459,,,,1.0,,,,0.0354193246767758,,,,0.0292626895842777,,,,0.0126579270683575,,,,0.0166047625159201,,,,0.5674380158425913,,,,0.0292626895842777,0.0126579270683575,,
COVID-19 CFR,1B_residual,4,0.0635975807867425,,,,1.0,,,,0.0540525052315098,,,,0.0292626895842777,,,,0.0106887434420233,,,,0.0185739461422543,,,,0.6347313389892171,,,,0.0292626895842777,0.0106887434420233,,
COVID-19 CFR,1B_residual,9,0.0446271751956963,,,,1.0,,,,0.094070935876184,,,,0.0292626895842777,,,,0.0060219199737269,,,,0.0232407696105507,,,,0.7942116716105834,,,,0.0292626895842777,0.0060219199737269,,
COVID-19 CFR,1C_cv_decision,2,0.0562758740181944,,,,0.1584428440443613,,,,0.0089087530998603,,,,0.0292626895842777,,,,0.02354997319974,,,,0.0057127163845376,,,,0.19522184958716293,,,,0.0292626895842777,0.02354997319974,,
COVID-19 CFR,1C_cv_decision,3,0.0627497656814826,,,,0.3641330083548798,,,,0.0346269897843797,,,,0.0292626895842777,,,,0.0219033342938375,,,,0.0073593552904401,,,,0.25149278466851,,,,0.0292626895842777,0.0219033342938375,,
COVID-19 CFR,1C_cv_decision,4,0.0613358978006167,,,,0.2818017353752248,,,,0.0550047154161348,,,,0.0292626895842777,,,,0.0213045067047998,,,,0.0079581828794778,,,,0.271956644879071,,,,0.0292626895842777,0.0213045067047998,,
COVID-19 CFR,1C_cv_decision,9,0.0425332294193476,,,,0.8333163978255679,,,,0.1035063643590999,,,,0.0292626895842777,,,,0.0202891709713785,,,,0.0089735186128991,,,,0.3066539248572867,,,,0.0292626895842777,0.0202891709713785,,
COVID-19 CFR,1D_ml_uncertainty,2,0.0266297845256514,,,,1.0,,,,0.0073052912143803,,,,0.0292626895842777,,,,0.0192331313851595,,,,0.0100295581991182,,,,0.3427421860944353,,,,0.0292626895842777,0.0192331313851595,,
COVID-19 CFR,1D_ml_uncertainty,3,0.0285854068388808,,,,1.0,,,,0.0160911154431325,,,,0.0292626895842777,,,,0.0172963367632123,,,,0.0119663528210653,,,,0.40892867303266267,,,,0.0292626895842777,0.0172963367632123,,
COVID-19 CFR,1D_ml_uncertainty,4,0.0279951709216436,,,,1.0,,,,0.0185237177334468,,,,0.0292626895842777,,,,0.0166327385397909,,,,0.0126299510444867,,,,0.43160595365344123,,,,0.0292626895842777,0.0166327385397909,,
COVID-19 CFR,1D_ml_uncertainty,9,0.0196691263802643,,,,1.0,,,,0.0216277042700763,,,,0.0292626895842777,,,,0.0165226557980999,,,,0.0127400337861777,,,,0.4353678341659608,,,,0.0292626895842777,0.0165226557980999,,
COVID-19 CFR,2A_PCA_cum60,2,0.017998765658852,,,,0.3579405683168652,,,,0.173458720647961,,,,0.0292626895842777,,,,0.0269303591442324,,,,0.0023323304400452,,,,0.0797032150215754,,,,0.0292626895842777,0.0269303591442324,,
COVID-19 CFR,2A_PCA_cum60,3,0.0195811211064209,,,,0.1174176246411592,,,,0.2357007185706472,,,,0.0292626895842777,,,,0.0277739023937808,,,,0.0014887871904968,,,,0.050876635457897224,,,,0.0292626895842777,0.0277739023937808,,
COVID-19 CFR,2A_PCA_cum60,4,0.0185392925598553,,,,0.1525742376542634,,,,0.2677666781487214,,,,0.0292626895842777,,,,0.0274765640473748,,,,0.0017861255369028,,,,0.06103764084154972,,,,0.0292626895842777,0.0274765640473748,,
COVID-19 CFR,2A_PCA_cum60,9,0.0127435544256739,,,,0.3692814673182507,,,,0.3237953929388076,,,,0.0292626895842777,,,,0.0273423256964329,,,,0.0019203638878447,,,,0.06562499603168992,,,,0.0292626895842777,0.0273423256964329,,
COVID-19 CFR,2B_clustering,2,0.0563839592582152,,,,0.1624827344622009,,,,0.0140459227727112,,,,0.0292626895842777,,,,0.0236929649069864,,,,0.0055697246772913,,,,0.1903353641246911,,,,0.0292626895842777,0.0236929649069864,,
COVID-19 CFR,2B_clustering,3,0.0446773524422269,,,,0.4390918431861992,,,,0.0078470026512271,,,,0.0292626895842777,,,,0.0241553701057936,,,,0.0051073194784841,,,,0.1745334947348165,,,,0.0292626895842777,0.0241553701057936,,
COVID-19 CFR,2B_clustering,4,0.0375193641731052,,,,0.4776312656309939,,,,0.0055462612701275,,,,0.0292626895842777,,,,0.0247964595024096,,,,0.004466230081868,,,,0.15262541295136878,,,,0.0292626895842777,0.0247964595024096,,
COVID-19 CFR,2B_clustering,9,0.023837056142451,,,,0.5651418688503272,,,,0.2407768034220225,,,,0.0292626895842777,,,,0.0235379048791746,,,,0.0057247847051031,,,,0.19563426282520935,,,,0.0292626895842777,0.0235379048791746,,
COVID-19 CFR,GMM,2,0.0566891490352157,,,,0.2159558779875711,,,,0.0122781085890311,,,,0.0292626895842777,,,,0.0234995129533256,,,,0.0057631766309521,,,,0.19694623812188983,,,,0.0292626895842777,0.0234995129533256,,
COVID-19 CFR,GMM,3,0.047112628238085,,,,0.3876544002573779,,,,0.0154648790770458,,,,0.0292626895842777,,,,0.0240366122139022,,,,0.0052260773703754,,,,0.1785918329661459,,,,0.0292626895842777,0.0240366122139022,,
COVID-19 CFR,GMM,4,0.0406770780393435,,,,0.5567125719692232,,,,0.0100467637455731,,,,0.0292626895842777,,,,0.0236555064466015,,,,0.0056071831376761,,,,0.191615439911198,,,,0.0292626895842777,0.0236555064466015,,
COVID-19 CFR,GMM,9,0.0218029030331643,,,,0.7617957564419514,,,,0.1063581551972249,,,,0.0292626895842777,,,,0.0249336034967763,,,,0.0043290860875014,,,,0.14793876260189487,,,,0.0292626895842777,0.0249336034967763,,
COVID-19 CFR,PS_propensity_score,2,0.0569534507112994,,,,0.2022609175769173,,,,0.0103185625196966,,,,0.0292626895842777,,,,0.0233784084064158,,,,0.0058842811778618,,,,0.20108476908504735,,,,0.0292626895842777,0.0233784084064158,,
COVID-19 CFR,PS_propensity_score,3,0.0640797900263531,,,,0.43132043194108,,,,0.0369852003764001,,,,0.0292626895842777,,,,0.0217349518356928,,,,0.0075277377485848,,,,0.2572469535619657,,,,0.0292626895842777,0.0217349518356928,,
COVID-19 CFR,PS_propensity_score,4,0.0620048889647029,,,,0.5976894361666192,,,,0.0553130641368952,,,,0.0292626895842777,,,,0.0211177566672288,,,,0.0081449329170488,,,,0.27833849289865076,,,,0.0292626895842777,0.0211177566672288,,
COVID-19 CFR,PS_propensity_score,9,0.0432108347234311,,,,0.6832900606145116,,,,0.1043895600509209,,,,0.0292626895842777,,,,0.020462930959798,,,,0.0087997586244797,,,,0.30071598849914494,,,,0.0292626895842777,0.020462930959798,,
COVID-19 CFR,Prognostic_score,2,0.0558583983425297,,,,0.1276854260627247,,,,0.0152854921231928,,,,0.0292626895842777,,,,0.0238798302157699,,,,0.0053828593685077,,,,0.1839495769179027,,,,0.0292626895842777,0.0238798302157699,,
COVID-19 CFR,Prognostic_score,3,0.062338870970255,,,,0.3071766490156858,,,,0.047765918187121,,,,0.0292626895842777,,,,0.0219659644874869,,,,0.0072967250967907,,,,0.24935250998634095,,,,0.0292626895842777,0.0219659644874869,,
COVID-19 CFR,Prognostic_score,4,0.0610745783874606,,,,0.2732998344978835,,,,0.0719432997880447,,,,0.0292626895842777,,,,0.0216373399049442,,,,0.0076253496793334,,,,0.26058266644876205,,,,0.0292626895842777,0.0216373399049442,,
COVID-19 CFR,Prognostic_score,9,0.0423404779529926,,,,0.8208060128899894,,,,0.1323015374777547,,,,0.0292626895842777,,,,0.0203721974771225,,,,0.0088904921071551,,,,0.30381664274400455,,,,0.0292626895842777,0.0203721974771225,,
COVID-19 CFR,baseline_oracle_kmeans,2,0.2786543327978392,,,,1.0,,,,0.0057710820317254,,,,0.0292626895842777,,,,0.0147323698587497,,,,0.0145303197255279,,,,0.49654764930886164,,,,0.0292626895842777,0.0147323698587497,,
COVID-19 CFR,baseline_oracle_kmeans,3,0.4652169709007699,,,,0.90745040496144,,,,0.0115281572963603,,,,0.0292626895842777,,,,0.0080416110237401,,,,0.0212210785605375,,,,0.725192347730719,,,,0.0292626895842777,0.0080416110237401,,
COVID-19 CFR,baseline_oracle_kmeans,4,0.4906932364261903,,,,0.2587816447929112,,,,0.0177962771471837,,,,0.0292626895842777,,,,0.0035581165001379,,,,0.0257045730841397,,,,0.8784077420535668,,,,0.0292626895842777,0.0035581165001379,,
COVID-19 CFR,baseline_oracle_kmeans,9,0.6854583234000313,,,,0.3027976187205604,,,,0.0220174577406638,,,,0.0292626895842777,,,,0.0009364904610924,,,,0.0283261991231852,,,,0.9679971159727041,,,,0.0292626895842777,0.0009364904610924,,
COVID-19 CFR,baseline_oracle_quantile,2,0.2391534153217545,,,,1.0,,,,0.0070739028145477,,,,0.0292626895842777,,,,0.0137240061792596,,,,0.015538683405018,,,,0.5310066718326105,,,,0.0292626895842777,0.0137240061792596,,
COVID-19 CFR,baseline_oracle_quantile,3,0.4245835551507271,,,,0.4989806944060603,,,,0.0119705483585914,,,,0.0292626895842777,,,,0.0081048622011359,,,,0.0211578273831418,,,,0.7230308520413484,,,,0.0292626895842777,0.0081048622011359,,
COVID-19 CFR,baseline_oracle_quantile,4,0.4537610922529534,,,,0.3067990974846204,,,,0.0153232942294639,,,,0.0292626895842777,,,,0.0058427453641131,,,,0.0234199442201645,,,,0.8003346429491465,,,,0.0292626895842777,0.0058427453641131,,
COVID-19 CFR,baseline_oracle_quantile,9,0.5019638931898315,,,,0.6616180616271949,,,,0.0209974861568545,,,,0.0292626895842777,,,,0.0025309630670078,,,,0.0267317265172698,,,,0.9135088707509771,,,,0.0292626895842777,0.0025309630670078,,
COVID-19 CFR,baseline_random,2,6.468255277761495e-06,,,,0.5010418067231761,,,,6.83839453974322e-06,,,,0.0292626895842777,,,,0.0292328782434174,,,,2.9811340860299435e-05,,,,0.0010187491745911048,,,,0.0292626895842777,0.0292328782434174,,
COVID-19 CFR,baseline_random,3,-9.887302833341303e-06,,,,0.329479139446008,,,,4.653564669143684e-05,,,,0.0292626895842777,,,,0.0292002106590671,,,,6.247892521054135e-05,,,,0.002135105354231337,,,,0.0292626895842777,0.0292002106590671,,
COVID-19 CFR,baseline_random,4,2.3498086226890086e-07,,,,0.7098674946489587,,,,9.801301508149952e-05,,,,0.0292626895842777,,,,0.0292269657312155,,,,3.572385306216744e-05,,,,0.0012207986883542299,,,,0.0292626895842777,0.0292269657312155,,
COVID-19 CFR,baseline_random,9,3.346187582998825e-05,,,,0.731281740848305,,,,0.0002249556083174,,,,0.0292626895842777,,,,0.0292008262403929,,,,6.186334388474587e-05,,,,0.0021140689650769318,,,,0.0292626895842777,0.0292008262403929,,
Israel Vaccine,1A_predicted_prob,2,0.1815815813963081,,,,0.0787047775816282,,,,0.3347570224374251,,,,0.0204711093135897,,,,0.0165017514150485,,,,0.0039693578985411,,,,0.19390047885222073,,,,0.0204711093135897,0.0165017514150485,,
Israel Vaccine,1A_predicted_prob,3,0.2167479917214232,,,,0.1059575573987355,,,,0.4353182323706031,,,,0.0204711093135897,,,,0.0102907056856013,,,,0.0101804036279883,,,,0.4973059091248251,,,,0.0204711093135897,0.0102907056856013,,
Israel Vaccine,1B_residual,2,0.1815815813963081,,,,1.0,,,,0.332015697365487,,,,0.0204711093135897,,,,0.0158395216460071,,,,0.0046315876675825,,,,0.2262499602065009,,,,0.0204711093135897,0.0158395216460071,,
Israel Vaccine,1B_residual,3,0.2157472136785541,,,,1.0,,,,0.4245767434223183,,,,0.0204711093135897,,,,0.0079335515988303,,,,0.0125375577147593,,,,0.6124513099266375,,,,0.0204711093135897,0.0079335515988303,,
Israel Vaccine,1C_cv_decision,2,0.1815815813963081,,,,0.0787047775816282,,,,0.3347570224374251,,,,0.0204711093135897,,,,0.0165017514150485,,,,0.0039693578985411,,,,0.19390047885222073,,,,0.0204711093135897,0.0165017514150485,,
Israel Vaccine,1C_cv_decision,3,0.2167479917214232,,,,0.1059575573987355,,,,0.4353182323706031,,,,0.0204711093135897,,,,0.0102907056856013,,,,0.0101804036279883,,,,0.4973059091248251,,,,0.0204711093135897,0.0102907056856013,,
Israel Vaccine,1D_ml_uncertainty,2,0.1760340752682357,,,,1.0,,,,0.1721860933450563,,,,0.0204711093135897,,,,0.0183655307303531,,,,0.0021055785832365,,,,0.10285610569422432,,,,0.0204711093135897,0.0183655307303531,,
Israel Vaccine,1D_ml_uncertainty,3,0.147961379797136,,,,1.0,,,,0.2046730782324917,,,,0.0204711093135897,,,,0.0117540176721924,,,,0.0087170916413972,,,,0.42582409716362946,,,,0.0204711093135897,0.0117540176721924,,
Israel Vaccine,2A_PCA_cum60,2,0.1727468553579269,,,,0.0707393131545185,,,,0.1692373868488781,,,,0.0204711093135897,,,,0.0156340417722669,,,,0.0048370675413228,,,,0.23628751462490227,,,,0.0204711093135897,0.0156340417722669,,
Israel Vaccine,2A_PCA_cum60,3,0.1639544528449853,,,,0.1416009634018011,,,,0.2162500881619106,,,,0.0204711093135897,,,,0.0131486541043527,,,,0.007322455209237,,,,0.35769704010988823,,,,0.0204711093135897,0.0131486541043527,,
Israel Vaccine,2B_clustering,2,0.745984721120199,,,,0.0475413447759158,,,,0.2894245286070867,,,,0.0204711093135897,,,,0.0095016943458363,,,,0.0109694149677533,,,,0.5358485854243071,,,,0.0204711093135897,0.0095016943458363,,
Israel Vaccine,2B_clustering,3,0.4948475698626034,,,,0.0795906273633026,,,,0.3975173937614381,,,,0.0204711093135897,,,,0.0137520634690025,,,,0.0067190458445872,,,,0.3282208961742379,,,,0.0204711093135897,0.0137520634690025,,
Israel Vaccine,GMM,2,0.048877134778237,,,,0.2929744943975901,,,,0.060351435469682,,,,0.0204711093135897,,,,0.0205910259394076,,,,-0.0001199166258179,,,,-0.0058578469774617226,,,,0.0204711093135897,0.0205910259394076,,
Israel Vaccine,GMM,3,0.2450163509469085,,,,0.127623203624684,,,,0.2700709159517879,,,,0.0204711093135897,,,,0.0154690629058188,,,,0.0050020464077708,,,,0.2443466219219641,,,,0.0204711093135897,0.0154690629058188,,
Israel Vaccine,PS_propensity_score,2,0.045873670051974,,,,1.0,,,,0.1989788985073761,,,,0.0204711093135897,,,,0.0126519585258553,,,,0.0078191507877343,,,,0.3819602869563925,,,,0.0204711093135897,0.0126519585258553,,
Israel Vaccine,PS_propensity_score,3,0.0346325457190177,,,,1.0,,,,0.2590228705023474,,,,0.0204711093135897,,,,0.0096181739031849,,,,0.0108529354104047,,,,0.5301586369430455,,,,0.0204711093135897,0.0096181739031849,,
Israel Vaccine,Prognostic_score,2,0.1815815813963081,,,,0.0809179932019465,,,,0.3817618879262151,,,,0.0204711093135897,,,,0.0132566026219608,,,,0.0072145066916288,,,,0.35242382721485277,,,,0.0204711093135897,0.0132566026219608,,
Israel Vaccine,Prognostic_score,3,0.2105409144277391,,,,0.1512448119120248,,,,0.4973826963935406,,,,0.0204711093135897,,,,0.0078105010255242,,,,0.0126606082880654,,,,0.6184622481430835,,,,0.0204711093135897,0.0078105010255242,,
Israel Vaccine,baseline_oracle_kmeans,2,0.5880621672347627,,,,0.0465505619154321,,,,0.3202354792840255,,,,0.0204711093135897,,,,0.0106998042083511,,,,0.0097713051052386,,,,0.4773217198714259,,,,0.0204711093135897,0.0106998042083511,,
Israel Vaccine,baseline_oracle_kmeans,3,0.3189646943671111,,,,0.096292007364597,,,,0.3456641737964455,,,,0.0204711093135897,,,,0.0072634336629968,,,,0.0132076756505928,,,,0.6451861229535331,,,,0.0204711093135897,0.0072634336629968,,
Israel Vaccine,baseline_oracle_quantile,2,0.1810229604303882,,,,0.0750531905291642,,,,0.3301445502908529,,,,0.0204711093135897,,,,0.0146491097353183,,,,0.0058219995782713,,,,0.2844007859606552,,,,0.0204711093135897,0.0146491097353183,,
Israel Vaccine,baseline_oracle_quantile,3,0.2080878223843403,,,,0.1423528225567873,,,,0.4276296379986891,,,,0.0204711093135897,,,,0.0083244274708984,,,,0.0121466818426912,,,,0.5933572849727178,,,,0.0204711093135897,0.0083244274708984,,
Israel Vaccine,baseline_random,2,0.0002679410462441,,,,0.5970099638902259,,,,0.0001867220659496,,,,0.0204711093135897,,,,0.0206530383889561,,,,-0.0001819290753664,,,,-0.008887113667339186,,,,0.0204711093135897,0.0206530383889561,,
Israel Vaccine,baseline_random,3,-3.0758751359731864e-05,,,,0.2296501943457215,,,,0.0003798272620092,,,,0.0204711093135897,,,,0.0212410943779028,,,,-0.0007699850643131,,,,-0.03761325546739891,,,,0.0204711093135897,0.0212410943779028,,
Kidney Stone,1A_predicted_prob,2,0.7791208680554057,,,,1.0,,,,0.1189334546527006,,,,0.0993855030998894,,,,0.0209667625983697,,,,0.0784187405015197,,,,0.7890360068178491,,,,0.0993855030998894,0.0209667625983697,,
Kidney Stone,1A_predicted_prob,3,0.4364700306077488,,,,1.0,,,,0.097413433008225,,,,0.0993855030998894,,,,0.0379218482259024,,,,0.061463654873987,,,,0.6184368238515804,,,,0.0993855030998894,0.0379218482259024,,
Kidney Stone,1B_residual,2,0.5469521220904745,,,,1.0,,,,0.0757494862532914,,,,0.0993855030998894,,,,0.0417764917960109,,,,0.0576090113038784,,,,0.579652056960233,,,,0.0993855030998894,0.0417764917960109,,
Kidney Stone,1B_residual,3,0.3312712274404013,,,,1.0,,,,0.0617459364203523,,,,0.0993855030998894,,,,0.0134762644259128,,,,0.0859092386739766,,,,0.8644041232817606,,,,0.0993855030998894,0.0134762644259128,,
Kidney Stone,1C_cv_decision,2,0.7791208680554057,,,,1.0,,,,0.1189334546527006,,,,0.0993855030998894,,,,0.0209667625983697,,,,0.0784187405015197,,,,0.7890360068178491,,,,0.0993855030998894,0.0209667625983697,,
Kidney Stone,1C_cv_decision,3,0.4364700306077488,,,,1.0,,,,0.097413433008225,,,,0.0993855030998894,,,,0.0379218482259024,,,,0.061463654873987,,,,0.6184368238515804,,,,0.0993855030998894,0.0379218482259024,,
Kidney Stone,1D_ml_uncertainty,2,0.1752205299595816,,,,1.0,,,,0.0193187829730765,,,,0.0993855030998894,,,,0.0239786388373914,,,,0.075406864262498,,,,0.7587310212306196,,,,0.0993855030998894,0.0239786388373914,,
Kidney Stone,1D_ml_uncertainty,3,0.1621713477844301,,,,1.0,,,,0.0342102806970425,,,,0.0993855030998894,,,,0.0147455092670186,,,,0.0846399938328708,,,,0.8516331979303025,,,,0.0993855030998894,0.0147455092670186,,
Kidney Stone,2A_PCA_cum60,2,0.419815208807143,,,,1.0,,,,0.0511430284049509,,,,0.0993855030998894,,,,0.0731129106470395,,,,0.0262725924528499,,,,0.2643503492299486,,,,0.0993855030998894,0.0731129106470395,,
Kidney Stone,2A_PCA_cum60,3,0.3145068037391371,,,,1.0,,,,0.0564507676292133,,,,0.0993855030998894,,,,0.0598482440356663,,,,0.0395372590642231,,,,0.3978171647879609,,,,0.0993855030998894,0.0598482440356663,,
Kidney Stone,2B_clustering,2,0.8514528773616632,,,,1.0,,,,0.1711779793192119,,,,0.0993855030998894,,,,0.0189962947849846,,,,0.0803892083149048,,,,0.8088625182498499,,,,0.0993855030998894,0.0189962947849846,,
Kidney Stone,2B_clustering,3,0.5643541337933756,,,,1.0,,,,0.406625141015158,,,,0.0993855030998894,,,,0.0158444550821012,,,,0.0835410480177882,,,,0.8405757923650453,,,,0.0993855030998894,0.0158444550821012,,
Kidney Stone,GMM,2,0.9659594979116252,,,,0.8304108020349521,,,,0.1672289010500607,,,,0.0993855030998894,,,,0.0051245033036927,,,,0.0942609997961967,,,,0.9484381208138353,,,,0.0993855030998894,0.0051245033036927,,
Kidney Stone,GMM,3,0.7375701269152345,,,,0.729986082197311,,,,0.2820959010385154,,,,0.0993855030998894,,,,0.0074850732801752,,,,0.0919004298197142,,,,0.9246864678779945,,,,0.0993855030998894,0.0074850732801752,,
Kidney Stone,PS_propensity_score,2,0.9603432892015534,,,,0.9772358845112474,,,,0.1542549365873263,,,,0.0993855030998894,,,,0.0079442473523074,,,,0.091441255747582,,,,0.9200663365931461,,,,0.0993855030998894,0.0079442473523074,,
Kidney Stone,PS_propensity_score,3,0.4443861097018091,,,,1.0,,,,0.1285469198559088,,,,0.0993855030998894,,,,0.0450891961299661,,,,0.0542963069699233,,,,0.5463201903335108,,,,0.0993855030998894,0.0450891961299661,,
Kidney Stone,Prognostic_score,2,0.5640214298924032,,,,1.0,,,,0.0128591562007295,,,,0.0993855030998894,,,,0.0413073891221939,,,,0.0580781139776955,,,,0.5843720881437097,,,,0.0993855030998894,0.0413073891221939,,
Kidney Stone,Prognostic_score,3,0.3675641603117234,,,,1.0,,,,0.0021383093918508,,,,0.0993855030998894,,,,0.0468896151982141,,,,0.0524958879016753,,,,0.5282046804040752,,,,0.0993855030998894,0.0468896151982141,,
Kidney Stone,baseline_oracle_kmeans,2,0.9715920322700452,,,,0.8698105732711254,,,,0.1678024255014183,,,,0.0993855030998894,,,,0.006548013818045,,,,0.0928374892818444,,,,0.9341150005402319,,,,0.0993855030998894,0.006548013818045,,
Kidney Stone,baseline_oracle_kmeans,3,0.7071576418751715,,,,1.0,,,,0.1739863975420591,,,,0.0993855030998894,,,,0.0081911357249028,,,,0.0911943673749866,,,,0.9175821878501723,,,,0.0993855030998894,0.0081911357249028,,
Kidney Stone,baseline_oracle_quantile,2,0.9603432892015534,,,,1.0,,,,0.1675778569125922,,,,0.0993855030998894,,,,0.0063654529745761,,,,0.0930200501253133,,,,0.93595189664454,,,,0.0993855030998894,0.0063654529745761,,
Kidney Stone,baseline_oracle_quantile,3,0.4464060229767921,,,,1.0,,,,0.1442253573387824,,,,0.0993855030998894,,,,0.0424772453352671,,,,0.0569082577646222,,,,0.572601194234792,,,,0.0993855030998894,0.0424772453352671,,
Kidney Stone,baseline_random,2,-0.0013012156927495,,,,0.3658037462072073,,,,0.0001795579864638,,,,0.0993855030998894,,,,0.1009431871246525,,,,-0.001557684024763,,,,-0.01567315127637392,,,,0.0993855030998894,0.1009431871246525,,
Kidney Stone,baseline_random,3,0.0013151458465541,,,,0.4243264274224644,,,,0.0001314685625311,,,,0.0993855030998894,,,,0.1011876763322322,,,,-0.0018021732323427,,,,-0.018133160029702555,,,,0.0993855030998894,0.1011876763322322,,
Smoking Mortality,1A_predicted_prob,2,0.2864370860214393,,,,0.0964388817455815,,,,0.0006825275604545,,,,0.1195368047613798,,,,0.0934223988208195,,,,0.0261144059405602,,,,0.21846330920999657,,,,0.1195368047613798,0.0934223988208195,,
Smoking Mortality,1A_predicted_prob,3,0.4489475383231091,,,,0.2318223318546134,,,,0.0944451559976953,,,,0.1195368047613798,,,,0.0545357510070499,,,,0.0650010537543298,,,,0.5437743955435772,,,,0.1195368047613798,0.0545357510070499,,
Smoking Mortality,1A_predicted_prob,4,0.4816590681322892,,,,0.3523668462559073,,,,0.1459661664368086,,,,0.1195368047613798,,,,0.0327673008054666,,,,0.0867695039559131,,,,0.7258810717680055,,,,0.1195368047613798,0.0327673008054666,,
Smoking Mortality,1A_predicted_prob,7,0.4975052979656219,,,,1.0,,,,0.1609945201349584,,,,0.1195368047613798,,,,0.0056740086635568,,,,0.1138627960978229,,,,0.9525333751819509,,,,0.1195368047613798,0.0056740086635568,,
Smoking Mortality,1B_residual,2,0.2558871337203563,,,,0.0963542896176686,,,,0.0037344438963493,,,,0.1195368047613798,,,,0.1268808681604477,,,,-0.0073440633990679,,,,-0.06143767531454558,,,,0.1195368047613798,0.1268808681604477,,
Smoking Mortality,1B_residual,3,0.3581185394402965,,,,0.0458181151194659,,,,0.0072075594144486,,,,0.1195368047613798,,,,0.1299585218552473,,,,-0.0104217170938675,,,,-0.0871841698853455,,,,0.1195368047613798,0.1299585218552473,,
Smoking Mortality,1B_residual,4,0.4218235880611694,,,,0.0361445805835418,,,,0.0088762904423138,,,,0.1195368047613798,,,,0.1322156172056184,,,,-0.0126788124442385,,,,-0.10606618162120118,,,,0.1195368047613798,0.1322156172056184,,
Smoking Mortality,1B_residual,7,0.3842389559924197,,,,0.067429095978346,,,,0.0155137853088989,,,,0.1195368047613798,,,,0.1307304683640194,,,,-0.0111936636026396,,,,-0.0936419843661076,,,,0.1195368047613798,0.1307304683640194,,
Smoking Mortality,1C_cv_decision,2,0.2864370860214393,,,,0.0964388817455815,,,,0.0006825275604545,,,,0.1195368047613798,,,,0.0934223988208195,,,,0.0261144059405602,,,,0.21846330920999657,,,,0.1195368047613798,0.0934223988208195,,
Smoking Mortality,1C_cv_decision,3,0.4489475383231091,,,,0.2318223318546134,,,,0.0944451559976953,,,,0.1195368047613798,,,,0.0545357510070499,,,,0.0650010537543298,,,,0.5437743955435772,,,,0.1195368047613798,0.0545357510070499,,
Smoking Mortality,1C_cv_decision,4,0.4816590681322892,,,,0.3523668462559073,,,,0.1459661664368086,,,,0.1195368047613798,,,,0.0327673008054666,,,,0.0867695039559131,,,,0.7258810717680055,,,,0.1195368047613798,0.0327673008054666,,
Smoking Mortality,1C_cv_decision,7,0.4975052979656219,,,,1.0,,,,0.1609945201349584,,,,0.1195368047613798,,,,0.0056740086635568,,,,0.1138627960978229,,,,0.9525333751819509,,,,0.1195368047613798,0.0056740086635568,,
Smoking Mortality,1D_ml_uncertainty,2,0.1514466589744215,,,,0.0786876430595938,,,,0.0037500636819971,,,,0.1195368047613798,,,,0.1269049810842973,,,,-0.0073681763229175,,,,-0.06163939497651705,,,,0.1195368047613798,0.1269049810842973,,
Smoking Mortality,1D_ml_uncertainty,3,0.1738203382322165,,,,0.0586432342113186,,,,0.0042033120132979,,,,0.1195368047613798,,,,0.1268252125544359,,,,-0.0072884077930561,,,,-0.06097208142383659,,,,0.1195368047613798,0.1268252125544359,,
Smoking Mortality,1D_ml_uncertainty,4,0.1662376956337488,,,,0.0780561065901451,,,,0.005818997960973,,,,0.1195368047613798,,,,0.1368580805234711,,,,-0.0173212757620913,,,,-0.14490328561707955,,,,0.1195368047613798,0.1368580805234711,,
Smoking Mortality,1D_ml_uncertainty,7,0.1309040269421308,,,,0.1308076122030854,,,,0.0078736627444433,,,,0.1195368047613798,,,,0.1417854374584431,,,,-0.0222486326970633,,,,-0.1861237025824487,,,,0.1195368047613798,0.1417854374584431,,
Smoking Mortality,2A_PCA_cum60,2,0.1895215957299247,,,,0.0701234282739911,,,,0.0003904770497831,,,,0.1195368047613798,,,,0.1063203653333944,,,,0.0132164394279853,,,,0.11056376698681347,,,,0.1195368047613798,0.1063203653333944,,
Smoking Mortality,2A_PCA_cum60,3,0.2224540857347068,,,,0.4103650611747012,,,,0.0161695595049573,,,,0.1195368047613798,,,,0.0969893324542777,,,,0.022547472307102,,,,0.18862368248935146,,,,0.1195368047613798,0.0969893324542777,,
Smoking Mortality,2A_PCA_cum60,4,0.2125154361846995,,,,0.2176222735797988,,,,0.0235584631743667,,,,0.1195368047613798,,,,0.0848277585688001,,,,0.0347090461925796,,,,0.29036284064867,,,,0.1195368047613798,0.0848277585688001,,
Smoking Mortality,2A_PCA_cum60,7,0.1709042788974396,,,,0.5052739668832308,,,,0.0210442973864659,,,,0.1195368047613798,,,,0.0869157166907499,,,,0.0326210880706298,,,,0.2728957674228313,,,,0.1195368047613798,0.0869157166907499,,
Smoking Mortality,2B_clustering,2,0.2251623334134506,,,,0.0806616457749824,,,,0.0051734076260655,,,,0.1195368047613798,,,,0.0955116141075123,,,,0.0240251906538675,,,,0.20098571901622064,,,,0.1195368047613798,0.0955116141075123,,
Smoking Mortality,2B_clustering,3,0.2090420739471961,,,,0.1211828374202248,,,,0.2137113067001821,,,,0.1195368047613798,,,,0.0931102024589114,,,,0.0264266023024683,,,,0.2210750266850563,,,,0.1195368047613798,0.0931102024589114,,
Smoking Mortality,2B_clustering,4,0.2269671722317753,,,,0.506564440929508,,,,0.2115226240294108,,,,0.1195368047613798,,,,0.0672019989430888,,,,0.0523348058182909,,,,0.43781332387763006,,,,0.1195368047613798,0.0672019989430888,,
Smoking Mortality,2B_clustering,7,0.1408564697492574,,,,0.3589632963340297,,,,0.2891548522365588,,,,0.1195368047613798,,,,0.0730542938829787,,,,0.046482510878401,,,,0.388855223051928,,,,0.1195368047613798,0.0730542938829787,,
Smoking Mortality,GMM,2,-0.0011030279765572,,,,0.2051072966743806,,,,0.1797539221640225,,,,0.1195368047613798,,,,0.1169241722805091,,,,0.0026126324808706,,,,0.02185630179831277,,,,0.1195368047613798,0.1169241722805091,,
Smoking Mortality,GMM,3,0.1922951250530576,,,,0.2572611424018407,,,,0.2311050955899515,,,,0.1195368047613798,,,,0.1090650799913892,,,,0.0104717247699906,,,,0.08760251531646956,,,,0.1195368047613798,0.1090650799913892,,
Smoking Mortality,GMM,4,0.1416351897958331,,,,0.3418560627121253,,,,0.2667671308460767,,,,0.1195368047613798,,,,0.0820866076112231,,,,0.0374501971501566,,,,0.31329427974016066,,,,0.1195368047613798,0.0820866076112231,,
Smoking Mortality,GMM,7,0.1499329078426701,,,,0.3653386428062186,,,,0.3029236659722486,,,,0.1195368047613798,,,,0.099973363794782,,,,0.0195634409665978,,,,0.16366039736172033,,,,0.1195368047613798,0.099973363794782,,
Smoking Mortality,PS_propensity_score,2,0.0430905942904284,,,,0.1072256801992362,,,,0.1162254320254974,,,,0.1195368047613798,,,,0.0798381775005367,,,,0.039698627260843,,,,0.3321038013362476,,,,0.1195368047613798,0.0798381775005367,,
Smoking Mortality,PS_propensity_score,3,0.0518789419650223,,,,0.1245548714085106,,,,0.1569354274991916,,,,0.1195368047613798,,,,0.0656829464620011,,,,0.0538538582993786,,,,0.45052114624346995,,,,0.1195368047613798,0.0656829464620011,,
Smoking Mortality,PS_propensity_score,4,0.0481067484349307,,,,0.2630678810183359,,,,0.1770100742991998,,,,0.1195368047613798,,,,0.0622666627528688,,,,0.0572701420085109,,,,0.47910049229468743,,,,0.1195368047613798,0.0622666627528688,,
Smoking Mortality,PS_propensity_score,7,0.0424900193478419,,,,0.3914985218496121,,,,0.2097573646043599,,,,0.1195368047613798,,,,0.0595831964911172,,,,0.0599536082702626,,,,0.5015493628923946,,,,0.1195368047613798,0.0595831964911172,,
Smoking Mortality,Prognostic_score,2,0.2679540169299412,,,,0.091068589140683,,,,0.0054515470308262,,,,0.1195368047613798,,,,0.087358207061635,,,,0.0321785976997448,,,,0.26919405921866446,,,,0.1195368047613798,0.087358207061635,,
Smoking Mortality,Prognostic_score,3,0.4060562333079578,,,,0.2892865286027931,,,,0.1510457018992309,,,,0.1195368047613798,,,,0.052617955923103,,,,0.0669188488382767,,,,0.559817948721824,,,,0.1195368047613798,0.052617955923103,,
Smoking Mortality,Prognostic_score,4,0.4196928852216408,,,,0.2769516778853806,,,,0.2066641832831806,,,,0.1195368047613798,,,,0.0271626625651832,,,,0.0923741421961965,,,,0.7727673696866375,,,,0.1195368047613798,0.0271626625651832,,
Smoking Mortality,Prognostic_score,7,0.4381232944986797,,,,1.0,,,,0.2251507800884995,,,,0.1195368047613798,,,,0.0032090996205598,,,,0.1163277051408199,,,,0.9731538781970471,,,,0.1195368047613798,0.0032090996205598,,
Smoking Mortality,baseline_oracle_kmeans,2,0.2799208637143905,,,,0.076352060240376,,,,2.748285341347412e-05,,,,0.1195368047613798,,,,0.0892750962673884,,,,0.0302617084939914,,,,0.2531580842770562,,,,0.1195368047613798,0.0892750962673884,,
Smoking Mortality,baseline_oracle_kmeans,3,0.4865530519114536,,,,0.166639789880682,,,,0.0530593513036475,,,,0.1195368047613798,,,,0.0627192472989316,,,,0.0568175574624481,,,,0.4753143400132521,,,,0.1195368047613798,0.0627192472989316,,
Smoking Mortality,baseline_oracle_kmeans,4,0.5866910557209718,,,,0.7780053950467626,,,,0.0966226429251095,,,,0.1195368047613798,,,,0.0099489444876517,,,,0.109587860273728,,,,0.9167708681229028,,,,0.1195368047613798,0.0099489444876517,,
Smoking Mortality,baseline_oracle_kmeans,7,0.7903780694903684,,,,1.0,,,,0.1092657920614686,,,,0.1195368047613798,,,,0.0083741815377129,,,,0.1111626232236669,,,,0.9299447433413541,,,,0.1195368047613798,0.0083741815377129,,
Smoking Mortality,baseline_oracle_quantile,2,0.293191942597047,,,,0.0774119848989383,,,,8.929476061891872e-05,,,,0.1195368047613798,,,,0.0988939430468585,,,,0.0206428617145213,,,,0.1726904258126083,,,,0.1195368047613798,0.0988939430468585,,
Smoking Mortality,baseline_oracle_quantile,3,0.4510717020018113,,,,0.1528826608357939,,,,0.0553228375303723,,,,0.1195368047613798,,,,0.0588669383904575,,,,0.0606698663709222,,,,0.5075413090723975,,,,0.1195368047613798,0.0588669383904575,,
Smoking Mortality,baseline_oracle_quantile,4,0.493479898077001,,,,0.4497054906484304,,,,0.0952518044533105,,,,0.1195368047613798,,,,0.0322646183994937,,,,0.0872721863618861,,,,0.7300863239242461,,,,0.1195368047613798,0.0322646183994937,,
Smoking Mortality,baseline_oracle_quantile,7,0.5126622429064848,,,,1.0,,,,0.1002659609709319,,,,0.1195368047613798,,,,0.0163457993585329,,,,0.1031910054028468,,,,0.8632571834995716,,,,0.1195368047613798,0.0163457993585329,,
Smoking Mortality,baseline_random,2,0.0002206288016664,,,,1.0,,,,2.646333289169079e-07,,,,0.1195368047613798,,,,0.1195452247771455,,,,-8.420015765689404e-06,,,,-7.043868859057945e-05,,,,0.1195368047613798,0.1195452247771455,,
Smoking Mortality,baseline_random,3,-7.157952362457981e-05,,,,0.2201579599408462,,,,0.0001361191409338,,,,0.1195368047613798,,,,0.1197686847723606,,,,-0.0002318800109808,,,,-0.0019398210571521801,,,,0.1195368047613798,0.1197686847723606,,
Smoking Mortality,baseline_random,4,-0.0002121605623836,,,,0.2834087707990198,,,,0.0007326574178641,,,,0.1195368047613798,,,,0.1200478317005626,,,,-0.0005110269391828,,,,-0.004275059386127156,,,,0.1195368047613798,0.1200478317005626,,
Smoking Mortality,baseline_random,7,-0.0019386335442693,,,,0.5817313720633748,,,,0.0022167240224248,,,,0.1195368047613798,,,,0.1189192991864234,,,,0.0006175055749563,,,,0.005165819650182812,,,,0.1195368047613798,0.1189192991864234,,
UC Berkeley,1A_predicted_prob,2,0.0765002174088574,,,,1.0,,,,0.1445035493136039,,,,0.2000610460847428,,,,0.1753020150719864,,,,0.0247590310127563,,,,0.12375738054608021,,,,0.2000610460847428,0.1753020150719864,,
UC Berkeley,1A_predicted_prob,3,0.0817258904881603,,,,0.3127633585627474,,,,0.1822227345837542,,,,0.2000610460847428,,,,0.1694650762722609,,,,0.0305959698124818,,,,0.15293316920637268,,,,0.2000610460847428,0.1694650762722609,,
UC Berkeley,1A_predicted_prob,4,0.0776139333347464,,,,0.8217639768990446,,,,0.194222835992833,,,,0.2000610460847428,,,,0.1667204914562582,,,,0.0333405546284845,,,,0.1666519059105691,,,,0.2000610460847428,0.1667204914562582,,
UC Berkeley,1A_predicted_prob,6,0.0676224768030212,,,,0.6114572909234227,,,,0.2056737946886979,,,,0.2000610460847428,,,,0.1649583369779741,,,,0.0351027091067686,,,,0.17545998980680988,,,,0.2000610460847428,0.1649583369779741,,
UC Berkeley,1B_residual,2,0.0609006079379046,,,,0.0144353548432111,,,,0.0345803859682518,,,,0.2000610460847428,,,,0.090133233393211,,,,0.1099278126915318,,,,0.5494713480852642,,,,0.2000610460847428,0.090133233393211,,
UC Berkeley,1B_residual,3,0.0665716952402938,,,,0.0282166273664116,,,,0.0988388778639023,,,,0.2000610460847428,,,,0.0998307892422744,,,,0.1002302568424684,,,,0.5009983642693361,,,,0.2000610460847428,0.0998307892422744,,
UC Berkeley,1B_residual,4,0.0707793553108602,,,,0.0479901886342466,,,,0.1328086210394061,,,,0.2000610460847428,,,,0.1053325743594951,,,,0.0947284717252476,,,,0.4734978326821413,,,,0.2000610460847428,0.1053325743594951,,
UC Berkeley,1B_residual,6,0.0650285604196399,,,,0.0804889792576972,,,,0.1604949864158463,,,,0.2000610460847428,,,,0.0986118215536745,,,,0.1014492245310683,,,,0.5070913429498711,,,,0.2000610460847428,0.0986118215536745,,
UC Berkeley,1C_cv_decision,2,0.0765002174088574,,,,1.0,,,,0.1445035493136039,,,,0.2000610460847428,,,,0.1753020150719864,,,,0.0247590310127563,,,,0.12375738054608021,,,,0.2000610460847428,0.1753020150719864,,
UC Berkeley,1C_cv_decision,3,0.0817258904881603,,,,0.3127633585627474,,,,0.1822227345837542,,,,0.2000610460847428,,,,0.1694650762722609,,,,0.0305959698124818,,,,0.15293316920637268,,,,0.2000610460847428,0.1694650762722609,,
UC Berkeley,1C_cv_decision,4,0.0776139333347464,,,,0.8217639768990446,,,,0.194222835992833,,,,0.2000610460847428,,,,0.1667204914562582,,,,0.0333405546284845,,,,0.1666519059105691,,,,0.2000610460847428,0.1667204914562582,,
UC Berkeley,1C_cv_decision,6,0.0676224768030212,,,,0.6114572909234227,,,,0.2056737946886979,,,,0.2000610460847428,,,,0.1649583369779741,,,,0.0351027091067686,,,,0.17545998980680988,,,,0.2000610460847428,0.1649583369779741,,
UC Berkeley,1D_ml_uncertainty,2,0.0143220795094529,,,,0.0910049234796356,,,,0.0018815175220968,,,,0.2000610460847428,,,,0.1688268466495379,,,,0.0312341994352048,,,,0.15612334358171132,,,,0.2000610460847428,0.1688268466495379,,
UC Berkeley,1D_ml_uncertainty,3,0.0153185160294556,,,,0.2038160349878875,,,,0.0060428978997529,,,,0.2000610460847428,,,,0.1616928356417475,,,,0.0383682104429953,,,,0.19178251435685845,,,,0.2000610460847428,0.1616928356417475,,
UC Berkeley,1D_ml_uncertainty,4,0.0140533896677198,,,,0.1862020858303205,,,,0.0070056577283578,,,,0.2000610460847428,,,,0.1626007140428209,,,,0.0374603320419218,,,,0.18724450748925048,,,,0.2000610460847428,0.1626007140428209,,
UC Berkeley,1D_ml_uncertainty,6,0.0116200972639939,,,,0.3438896459803754,,,,0.0094362090287462,,,,0.2000610460847428,,,,0.1616309495742353,,,,0.0384300965105074,,,,0.19209185027568587,,,,0.2000610460847428,0.1616309495742353,,
UC Berkeley,2A_PCA_cum60,2,0.0295113342784685,,,,0.7669018042334943,,,,0.3402397770996304,,,,0.2000610460847428,,,,0.1897938309631451,,,,0.0102672151215977,,,,0.05132041105717633,,,,0.2000610460847428,0.1897938309631451,,
UC Berkeley,2A_PCA_cum60,3,0.0323882784719527,,,,0.7128635948080241,,,,0.4239179010264533,,,,0.2000610460847428,,,,0.1883222322430442,,,,0.0117388138416985,,,,0.05867615945947924,,,,0.2000610460847428,0.1883222322430442,,
UC Berkeley,2A_PCA_cum60,4,0.0316196938559442,,,,1.0,,,,0.464223423836999,,,,0.2000610460847428,,,,0.1846814698610516,,,,0.0153795762236911,,,,0.07687441670767148,,,,0.2000610460847428,0.1846814698610516,,
UC Berkeley,2A_PCA_cum60,6,0.02663685997817,,,,1.0,,,,0.4870313091485948,,,,0.2000610460847428,,,,0.1843650991217226,,,,0.0156959469630201,,,,0.07845578772177175,,,,0.2000610460847428,0.1843650991217226,,
UC Berkeley,2B_clustering,2,0.0760328709813003,,,,1.0,,,,0.187938660908009,,,,0.2000610460847428,,,,0.1741720782833133,,,,0.0258889678014295,,,,0.12940534056021746,,,,0.2000610460847428,0.1741720782833133,,
UC Berkeley,2B_clustering,3,0.0575788485129102,,,,1.0,,,,0.2490893945734688,,,,0.2000610460847428,,,,0.1774775583055677,,,,0.0225834877791751,,,,0.11288298357496884,,,,0.2000610460847428,0.1774775583055677,,
UC Berkeley,2B_clustering,4,0.0436922325104855,,,,1.0,,,,0.1969317668969699,,,,0.2000610460847428,,,,0.1819448742758167,,,,0.018116171808926,,,,0.09055321944708994,,,,0.2000610460847428,0.1819448742758167,,
UC Berkeley,2B_clustering,6,0.0378123397447824,,,,0.7950936929736294,,,,0.2625299297965914,,,,0.2000610460847428,,,,0.1827092788795539,,,,0.0173517672051888,,,,0.08673236267013695,,,,0.2000610460847428,0.1827092788795539,,
UC Berkeley,GMM,2,0.0777521955500273,,,,0.8817678303553043,,,,0.2035730447690882,,,,0.2000610460847428,,,,0.172241602960995,,,,0.0278194431237477,,,,0.13905477187180104,,,,0.2000610460847428,0.172241602960995,,
UC Berkeley,GMM,3,0.0614282161794892,,,,0.825579757905717,,,,0.2241865390190285,,,,0.2000610460847428,,,,0.1809692346218274,,,,0.0190918114629153,,,,0.09542992919685322,,,,0.2000610460847428,0.1809692346218274,,
UC Berkeley,GMM,4,0.0570725264707749,,,,1.0,,,,0.2313749648050048,,,,0.2000610460847428,,,,0.1771747237371027,,,,0.02288632234764,,,,0.11439669438670141,,,,0.2000610460847428,0.1771747237371027,,
UC Berkeley,GMM,6,0.0428599052105034,,,,0.9138224978990008,,,,0.2554080109867892,,,,0.2000610460847428,,,,0.1790806659899634,,,,0.0209803800947793,,,,0.10486989099263444,,,,0.2000610460847428,0.1790806659899634,,
UC Berkeley,PS_propensity_score,2,0.0748681991570295,,,,1.0,,,,0.1533476525447814,,,,0.2000610460847428,,,,0.1743123608398711,,,,0.0257486852448716,,,,0.12870414180462175,,,,0.2000610460847428,0.1743123608398711,,
UC Berkeley,PS_propensity_score,3,0.0841247909220254,,,,0.2841625314482698,,,,0.177222271463697,,,,0.2000610460847428,,,,0.1693509501167121,,,,0.0307100959680307,,,,0.1535036258633895,,,,0.2000610460847428,0.1693509501167121,,
UC Berkeley,PS_propensity_score,4,0.078475312339622,,,,0.5734409815222867,,,,0.1995616561201917,,,,0.2000610460847428,,,,0.1641410072859487,,,,0.0359200387987941,,,,0.17954539127811475,,,,0.2000610460847428,0.1641410072859487,,
UC Berkeley,PS_propensity_score,6,0.0671727777315305,,,,0.5348980997194268,,,,0.2079861853895501,,,,0.2000610460847428,,,,0.1648794293544992,,,,0.0351816167302435,,,,0.17585440753589376,,,,0.2000610460847428,0.1648794293544992,,
UC Berkeley,Prognostic_score,2,0.0762128873735368,,,,1.0,,,,0.2201531280359904,,,,0.2000610460847428,,,,0.1743572266212346,,,,0.0257038194635082,,,,0.12847988134891808,,,,0.2000610460847428,0.1743572266212346,,
UC Berkeley,Prognostic_score,3,0.0795302512759841,,,,1.0,,,,0.2626443438497579,,,,0.2000610460847428,,,,0.1712241869517251,,,,0.0288368591330176,,,,0.14414029966034891,,,,0.2000610460847428,0.1712241869517251,,
UC Berkeley,Prognostic_score,4,0.0768745678464176,,,,1.0,,,,0.2842268613124121,,,,0.2000610460847428,,,,0.1690172707241496,,,,0.0310437753605931,,,,0.15517151373607996,,,,0.2000610460847428,0.1690172707241496,,
UC Berkeley,Prognostic_score,6,0.0665934552561801,,,,1.0,,,,0.303548674263204,,,,0.2000610460847428,,,,0.1677654446609257,,,,0.032295601423817,,,,0.16142873415815884,,,,0.2000610460847428,0.1677654446609257,,
UC Berkeley,baseline_oracle_kmeans,2,0.0330565614946316,,,,1.0,,,,0.2080768368932671,,,,0.2000610460847428,,,,0.1901309235114039,,,,0.0099301225733389,,,,0.049635462613409675,,,,0.2000610460847428,0.1901309235114039,,
UC Berkeley,baseline_oracle_kmeans,3,0.0283755931403735,,,,0.3100493891710585,,,,0.3439244418004716,,,,0.2000610460847428,,,,0.1908482061243889,,,,0.0092128399603538,,,,0.046050143896835705,,,,0.2000610460847428,0.1908482061243889,,
UC Berkeley,baseline_oracle_kmeans,4,0.0225046236069399,,,,0.7889413552377041,,,,0.3761531904371267,,,,0.2000610460847428,,,,0.1914338356978172,,,,0.0086272103869255,,,,0.043122889516789,,,,0.2000610460847428,0.1914338356978172,,
UC Berkeley,baseline_oracle_kmeans,6,0.0214082764248545,,,,1.0,,,,0.4429015574434444,,,,0.2000610460847428,,,,0.1885101501643608,,,,0.0115508959203819,,,,0.05773685655671923,,,,0.2000610460847428,0.1885101501643608,,
UC Berkeley,baseline_oracle_quantile,2,0.0226893917186741,,,,0.5181187544961934,,,,0.4010174753789066,,,,0.2000610460847428,,,,0.1931839071868594,,,,0.0068771388978833,,,,0.034375202131904925,,,,0.2000610460847428,0.1931839071868594,,
UC Berkeley,baseline_oracle_quantile,3,0.0215036139243937,,,,0.353167793801457,,,,0.4964893041419671,,,,0.2000610460847428,,,,0.193368687907692,,,,0.0066923581770507,,,,0.03345158044518082,,,,0.2000610460847428,0.193368687907692,,
UC Berkeley,baseline_oracle_quantile,4,0.0200545121780794,,,,0.934598456000136,,,,0.5320387107872402,,,,0.2000610460847428,,,,0.1928727151754924,,,,0.0071883309092503,,,,0.03593068740731031,,,,0.2000610460847428,0.1928727151754924,,
UC Berkeley,baseline_oracle_quantile,6,0.0164480259429451,,,,0.7762902199143161,,,,0.5688261385813246,,,,0.2000610460847428,,,,0.191978095461529,,,,0.0080829506232137,,,,0.04040242106796732,,,,0.2000610460847428,0.191978095461529,,
UC Berkeley,baseline_random,2,-0.000171528838621,,,,1.0,,,,0.0002469045307041,,,,0.2000610460847428,,,,0.1999588928025387,,,,0.000102153282204,,,,0.0005106105571437425,,,,0.2000610460847428,0.1999588928025387,,
UC Berkeley,baseline_random,3,-0.0002666011343876,,,,1.0,,,,0.0013046169680944,,,,0.2000610460847428,,,,0.2000413185815283,,,,1.97275032144395e-05,,,,9.860741808842555e-05,,,,0.2000610460847428,0.2000413185815283,,
UC Berkeley,baseline_random,4,-0.0002375163409047,,,,0.4769329726761842,,,,0.0016211580359432,,,,0.2000610460847428,,,,0.1994733513926929,,,,0.0005876946920498,,,,0.0029375768224312315,,,,0.2000610460847428,0.1994733513926929,,
UC Berkeley,baseline_random,6,-0.0002794296548225,,,,0.5512939266257053,,,,0.0015459993854821,,,,0.2000610460847428,,,,0.1984885183645387,,,,0.001572527720204,,,,0.007860239416812687,,,,0.2000610460847428,0.1984885183645387,,
