method,n_strata,ARI_mean,ARI_sd,ARI_se,ARI_ci95,C1_heterogeneity_mean,C1_heterogeneity_sd,C1_heterogeneity_se,C1_heterogeneity_ci95,W_true_mean,W_true_sd,W_true_se,W_true_ci95,W_est_mean,W_est_sd,W_est_se,W_est_ci95,bias_crude_mean,bias_crude_sd,bias_crude_se,bias_crude_ci95,bias_stratified_mean,bias_stratified_sd,bias_stratified_se,bias_stratified_ci95,bias_re_mean,bias_re_sd,bias_re_se,bias_re_ci95,bias_reduction_mean,bias_reduction_sd,bias_reduction_se,bias_reduction_ci95,bias_reduction_relative_mean,bias_reduction_relative_sd,bias_reduction_relative_se,bias_reduction_relative_ci95,bias_reduction_re_mean,bias_reduction_re_sd,bias_reduction_re_se,bias_reduction_re_ci95,bias_reduction_relative_re_mean,bias_reduction_relative_re_sd,bias_reduction_relative_re_se,bias_reduction_relative_re_ci95,re_tau2_mean,re_tau2_sd,re_tau2_se,re_tau2_ci95,re_I2_mean,re_I2_sd,re_I2_se,re_I2_ci95,abs_bias_crude_mean,abs_bias_stratified_mean,abs_bias_re_mean
1A_predicted_prob,3,0.02797028777325087,0.004777604066705987,0.000675655246678446,0.001324284283489754,0.7973280369201102,0.2645435686304427,0.03741211025957497,0.07332773610876694,0.31571358594191945,0.03256797540590625,0.0046058072518066024,0.00902738221354094,0.10008908633019159,0.0945051551462436,0.013365047212199119,0.026195492535910272,0.020284821734142408,0.013124266608473099,0.0018560515833902999,0.003637861103444988,0.01711720841643197,0.011979473400011771,0.0016941533752384379,0.003320540615467338,0.01497528176443399,0.011937289803760763,0.0016881877138456532,0.0033088479191374803,0.003167613317710408,0.006076833665302349,0.0008593940585755987,0.0016844123548081734,0.15615682302885947,0.7032007946054392,0.09944761008025492,0.19491731575729965,0.005309539969708392,0.011055426811813785,0.0015634734535090202,0.0030644079688776794,0.2617494025481951,1.1545161199362097,0.16327323547921505,0.3200155415392615,0.0006182736887901777,0.0010218729722822845,0.00014451466164241126,0.00028324873681912605,0.2141208113959473,0.26637538861989507,0.03767116872686594,0.07383549070465724,0.020284821734142408,0.01711720841643197,0.01497528176443399
1A_predicted_prob,5,0.02907469354087904,0.00478014740855597,0.0006760149295322456,0.0013249892618832015,0.8959432995786588,0.16858261430548396,0.023841181953112797,0.04672871662810108,0.3519195245001231,0.03604140366006316,0.0050970241863024625,0.009990167405152826,0.12363861087093347,0.1215185893105958,0.01718532370834908,0.033683234468364194,0.019375038210329626,0.014005784537488413,0.00198071704445915,0.0038822054071399334,0.019410712547188944,0.01332115015445872,0.0018838951214843972,0.0036924344381094186,0.015710771121956707,0.011951585652102897,0.0016902094521067607,0.003312810526129251,-3.567433685931214e-05,0.009033998805686606,0.001277600363346434,0.0025040967121590105,-0.0018412524647459794,7.44674427453817,1.0531286748576074,2.0641322027209106,0.0036642670883729102,0.011920739692847059,0.0016858471747143594,0.003304260462440144,0.1891230896473457,20.02353143235138,2.8317549718235284,5.550239744774116,0.0004053975674614864,0.0007134574447253244,0.00010089811945066065,0.00019776031412329487,0.13153458840606252,0.20411375388024705,0.028866043900432934,0.05657744604484855,0.019375038210329626,0.019410712547188944,0.015710771121956707
1A_predicted_prob,10,0.024537835428721816,0.004670497971807405,0.0006605081574766066,0.001294595988654149,0.9530998214962999,0.10651640555249665,0.01506369453475736,0.029524841288124427,0.38000376830896065,0.03293122402451622,0.004657178364101753,0.009128069593639435,0.1047800636777021,0.09166851638166046,0.012963885910956445,0.025409216385474633,0.019908881720200593,0.01550178686359167,0.0021922837223508425,0.0042968760958076516,0.020632612201202733,0.01323320135667845,0.0018714572832228705,0.0036680562751168263,0.014801419999958699,0.010694570263884253,0.001512440631093712,0.002964383636943676,-0.0007237304810021198,0.009243284047678296,0.0013071977661093523,0.0025621076215743307,-0.036352141279125894,7.650154195355556,1.081895181731726,2.1205145561941827,0.005107461720241886,0.012160663297521196,0.0017197774962807199,0.003370763892710211,0.2565418687007215,3.2975946479067986,0.46635030742787253,0.9140466025586301,0.0003496341271933905,0.0008231243926983317,0.00011640736796740981,0.00022815844121612321,0.07750228407538765,0.13306427528616913,0.018818130277704744,0.0368835353443013,0.019908881720200593,0.020632612201202733,0.014801419999958699
1B_residual,3,0.03168473838719549,0.004388517319094853,0.0006206300711373156,0.0012164349394291386,0.953801255246708,0.14409978530431336,0.020378787071241116,0.03994242265963259,0.34484998972731923,0.024134761747544132,0.003413170738802029,0.006689814648051977,0.08725896379775035,0.08234972817496428,0.011646010244277225,0.02282618007878336,0.020284821734142408,0.013124266608473099,0.0018560515833902999,0.003637861103444988,0.013843655621717394,0.009408966734316654,0.00133062883635879,0.0026080325192632285,0.00874238835331571,0.0020466763298396386,0.0002894437423447207,0.0005673097349956526,0.006441166112424983,0.01276277134662397,0.0018049284331862348,0.0035376597290450204,0.3175362444316462,1.621394599131888,0.22929982320508038,0.44942765348195757,0.011542433380826667,0.01317098259691965,0.0018626582218343776,0.00365081011479538,0.5690182310746683,1.0329065726456033,0.14607504836997226,0.2863070948051456,2.564244273848368e-05,7.699479403551895e-05,1.0888708195715399e-05,2.134186806360218e-05,0.08203081247907618,0.17803315377550905,0.025177690062137967,0.049348272521790415,0.020284821734142408,0.013843655621717394,0.00874238835331571
1B_residual,5,0.031521406220856654,0.004471374860402961,0.0006323478970035972,0.0012394018781270505,0.9363866348660295,0.15543381085167668,0.02198166033577755,0.043084054258124,0.362535540971322,0.027411820009502944,0.0038766167626769245,0.007598168854846772,0.08487639120562783,0.08836261402117872,0.012496360715548995,0.024492867002476028,0.019375038210329626,0.014005784537488413,0.00198071704445915,0.0038822054071399334,0.012631600073834747,0.009884772217690905,0.0013979178931227253,0.0027399190705205416,0.008262561989649779,0.0022586366659252013,0.0003194194605424569,0.0006260621426632156,0.006743438136494849,0.015535486845923582,0.0021970496195573945,0.004306217254332493,0.34804773354716156,28.88363637101458,4.084763028654162,8.006135536162159,0.011112476220679823,0.015013945119395687,0.0021232924812574715,0.004161653263264644,0.5735460286604922,26.866132220809412,3.7994448555177467,7.446911916814783,1.8723994003997046e-05,6.061018251510947e-05,8.571574213077643e-06,1.680028545763218e-05,0.04878427890602373,0.14134571944750302,0.01998930334260413,0.039179034551504094,0.019375038210329626,0.012631600073834747,0.008262561989649779
1B_residual,10,0.026272359092974852,0.004898536590983931,0.0006927576882750342,0.001357805069019067,0.9749915305927519,0.08019409891109269,0.011341158230235673,0.02222867013126192,0.3903581886269113,0.0341219566969707,0.004825573393556342,0.00945812385137043,0.09260523538281258,0.08243431973585537,0.011657973297544675,0.02284962766318756,0.019908881720200593,0.01550178686359167,0.0021922837223508425,0.0042968760958076516,0.009928522005675252,0.00789514611700731,0.0011165422715589018,0.0021884228522554474,0.008473016980991009,0.002457653070908374,0.0003475646304486508,0.0006812266756793556,0.009980359714525324,0.017760924657211387,0.0025117740530515055,0.004923077143980951,0.5013018739469804,5.428705865774911,0.7677349461513254,1.5047604944565978,0.01143586473920956,0.016091504430478458,0.0022756823804569383,0.004460337465695599,0.5744102004285936,4.3039397763420855,0.6086690003340003,1.1929912406546406,2.332399443782e-06,1.6492554631339842e-05,2.3323994437820004e-06,4.571502909812721e-06,0.003258868554262872,0.023043680537148767,0.003258868554262871,0.006387382366355227,0.019908881720200593,0.009928522005675252,0.008473016980991009
1C_cv_decision,3,0.02797028777325087,0.004777604066705987,0.000675655246678446,0.001324284283489754,0.7973280369201102,0.2645435686304427,0.03741211025957497,0.07332773610876694,0.31571358594191945,0.03256797540590625,0.0046058072518066024,0.00902738221354094,0.10008908633019159,0.0945051551462436,0.013365047212199119,0.026195492535910272,0.020284821734142408,0.013124266608473099,0.0018560515833902999,0.003637861103444988,0.01711720841643197,0.011979473400011771,0.0016941533752384379,0.003320540615467338,0.01497528176443399,0.011937289803760763,0.0016881877138456532,0.0033088479191374803,0.003167613317710408,0.006076833665302349,0.0008593940585755987,0.0016844123548081734,0.15615682302885947,0.7032007946054392,0.09944761008025492,0.19491731575729965,0.005309539969708392,0.011055426811813785,0.0015634734535090202,0.0030644079688776794,0.2617494025481951,1.1545161199362097,0.16327323547921505,0.3200155415392615,0.0006182736887901777,0.0010218729722822845,0.00014451466164241126,0.00028324873681912605,0.2141208113959473,0.26637538861989507,0.03767116872686594,0.07383549070465724,0.020284821734142408,0.01711720841643197,0.01497528176443399
1C_cv_decision,5,0.02907469354087904,0.00478014740855597,0.0006760149295322456,0.0013249892618832015,0.8959432995786588,0.16858261430548396,0.023841181953112797,0.04672871662810108,0.3519195245001231,0.03604140366006316,0.0050970241863024625,0.009990167405152826,0.12363861087093347,0.1215185893105958,0.01718532370834908,0.033683234468364194,0.019375038210329626,0.014005784537488413,0.00198071704445915,0.0038822054071399334,0.019410712547188944,0.01332115015445872,0.0018838951214843972,0.0036924344381094186,0.015710771121956707,0.011951585652102897,0.0016902094521067607,0.003312810526129251,-3.567433685931214e-05,0.009033998805686606,0.001277600363346434,0.0025040967121590105,-0.0018412524647459794,7.44674427453817,1.0531286748576074,2.0641322027209106,0.0036642670883729102,0.011920739692847059,0.0016858471747143594,0.003304260462440144,0.1891230896473457,20.02353143235138,2.8317549718235284,5.550239744774116,0.0004053975674614864,0.0007134574447253244,0.00010089811945066065,0.00019776031412329487,0.13153458840606252,0.20411375388024705,0.028866043900432934,0.05657744604484855,0.019375038210329626,0.019410712547188944,0.015710771121956707
1C_cv_decision,10,0.024537835428721816,0.004670497971807405,0.0006605081574766066,0.001294595988654149,0.9530998214962999,0.10651640555249665,0.01506369453475736,0.029524841288124427,0.38000376830896065,0.03293122402451622,0.004657178364101753,0.009128069593639435,0.1047800636777021,0.09166851638166046,0.012963885910956445,0.025409216385474633,0.019908881720200593,0.01550178686359167,0.0021922837223508425,0.0042968760958076516,0.020632612201202733,0.01323320135667845,0.0018714572832228705,0.0036680562751168263,0.014801419999958699,0.010694570263884253,0.001512440631093712,0.002964383636943676,-0.0007237304810021198,0.009243284047678296,0.0013071977661093523,0.0025621076215743307,-0.036352141279125894,7.650154195355556,1.081895181731726,2.1205145561941827,0.005107461720241886,0.012160663297521196,0.0017197774962807199,0.003370763892710211,0.2565418687007215,3.2975946479067986,0.46635030742787253,0.9140466025586301,0.0003496341271933905,0.0008231243926983317,0.00011640736796740981,0.00022815844121612321,0.07750228407538765,0.13306427528616913,0.018818130277704744,0.0368835353443013,0.019908881720200593,0.020632612201202733,0.014801419999958699
2A_PCA_cum60,3,0.017333852673122256,0.005190167050961745,0.0007340004634452071,0.0014386409083526057,0.8259625385115997,0.2510567632799355,0.03550478795559764,0.06958938439297137,0.14414368543090705,0.038832334573976356,0.005491721421312701,0.010763773985772893,0.06804764831959981,0.08803815430499756,0.012450475182442283,0.024402931357586873,0.020284821734142408,0.013124266608473099,0.0018560515833902999,0.003637861103444988,0.01872102663144114,0.014013007703647287,0.0019817385544136654,0.0038842075666507842,0.016512994838416315,0.012884684968771246,0.0018221696229741055,0.0035714524610292466,0.001563795102701245,0.006681226662922643,0.0009448681359993937,0.0018519415465588116,0.07709188294561964,0.6874878903957906,0.09722546985649949,0.190561920918739,0.003771826895726066,0.008318426056130345,0.0011764030946177272,0.002305750065450745,0.18594330998618247,0.9851562272093125,0.139322129757572,0.2730713743248411,0.000510041116693974,0.0009173963527647507,0.00012973943641515225,0.0002542892953736984,0.16791368830012712,0.24744982136419008,0.034994689338003725,0.0685895911024873,0.020284821734142408,0.01872102663144114,0.016512994838416315
2A_PCA_cum60,5,0.015928743419166655,0.004177909699920941,0.0005908456559998303,0.0011580574857596674,0.8696416251416693,0.19968126998482463,0.028239196016442262,0.05534882419222683,0.15784722331723874,0.028980152049540783,0.004098412406809502,0.008032888317346623,0.08060288921379109,0.08334941412445758,0.011787387187065951,0.023103278886649262,0.019375038210329626,0.014005784537488413,0.00198071704445915,0.0038822054071399334,0.018781532859659267,0.013544523977334253,0.0019154849504633676,0.0037543505029082004,0.01791270625957682,0.011677338063650313,0.0016514249862029848,0.00323679297295785,0.0005935053506703602,0.006846475481539695,0.0009682378480448303,0.0018977461821678672,0.030632473816435413,3.5076436560802278,0.4960557230400606,0.9722692171585188,0.0014623319507528043,0.009577448488516363,0.001354455754538954,0.00265473327889635,0.07547504861039078,35.05242247976743,4.957161126491865,9.716035807924056,0.0006603088722991198,0.0012892553476831288,0.00018232823980555206,0.000357363350018882,0.15530948739405415,0.21445203544055638,0.030328097699855047,0.05944307149171589,0.019375038210329626,0.018781532859659267,0.01791270625957682
2A_PCA_cum60,10,0.013769620095712882,0.00403021203260634,0.0005699580515751125,0.0011171177810872204,0.9675871561106298,0.09328564704542382,0.0131925827226388,0.02585746213637205,0.17995838127824762,0.03690790532100655,0.005219566026374959,0.01023034941169492,0.09277727874007954,0.09287881964016216,0.013135048639232191,0.025744695332895095,0.019908881720200593,0.01550178686359167,0.0021922837223508425,0.0042968760958076516,0.019712540157291694,0.014645899693789752,0.0020712429980113425,0.0040596362761022315,0.017056034728986137,0.012785975118045946,0.001808209942010551,0.00354409148634068,0.00019634156290889956,0.006023442408894694,0.0008518433946832142,0.0016696130535790998,0.009862008608433337,3.6962967364679935,0.5227352975268447,1.0245611831526156,0.0028528469912144482,0.00831256652140749,0.0011755744312703013,0.0023041258852897904,0.14329519012209557,2.7130728870084457,0.38368644725140716,0.752025436612758,0.00036842983978798815,0.0009796155172582957,0.00013853855504178167,0.00027153556788189206,0.05803095951407778,0.12487338899781748,0.01765976403002047,0.034613137498840124,0.019908881720200593,0.019712540157291694,0.017056034728986137
2B_clustering,3,0.02098580254585166,0.0056082272427514755,0.0007931231027569404,0.0015545212814036032,0.798077490599955,0.2666616628237574,0.037711654013031906,0.07391484186554254,0.22455440415759864,0.036453192181245535,0.00515525987745103,0.010104309359804019,0.09278818534588668,0.07449714849509649,0.010535487775988787,0.020649556040938023,0.020284821734142408,0.013124266608473099,0.0018560515833902999,0.003637861103444988,0.01766020070958072,0.012823683252875785,0.0018135426775793663,0.003554543648055558,0.016192238947840488,0.011966829396084797,0.0016923652430548154,0.003317035876387438,0.002624621024561666,0.004753778888197423,0.0006722858576211689,0.0013176802809374908,0.1293884195267072,0.39386165449068467,0.05570044934794323,0.10917288072196872,0.004092582786301907,0.009081292435293192,0.0012842886925867824,0.0025172058374700935,0.20175591582416952,0.8364412129985915,0.11829065075504108,0.23184967547988053,0.000821191871819214,0.0015850931432851933,0.00022416602208585198,0.00043936540328826985,0.20951038262672653,0.2870093012385107,0.040589244633872694,0.07955491948239048,0.020284821734142408,0.01766020070958072,0.016192238947840488
2B_clustering,5,0.023476932816912665,0.005469495311028933,0.0007735034448193166,0.0015160667518458605,0.8684959171635885,0.18315902311978963,0.025902597456701374,0.050769091015134694,0.2095080176547727,0.03177270754016383,0.004493339391661359,0.008806945207656262,0.1570965209873732,0.08428767964374018,0.0119200779693136,0.023363352819854653,0.019375038210329626,0.014005784537488413,0.00198071704445915,0.0038822054071399334,0.019062337913954314,0.013305116355976063,0.001881627599957344,0.0036879900959163945,0.017117177022413853,0.012884525559438316,0.0018221470790900456,0.0035714082750164895,0.0003127002963753099,0.006221190552847291,0.0008798092053944012,0.0017244260425730263,0.016139338306367823,10.528899733012096,1.4890112799292166,2.9184621086612643,0.002257861187915762,0.0076115733005899956,0.0010764390192691314,0.0021098204777674975,0.11653454116606665,12.063107605938418,1.7059810380684148,3.343722834614093,0.0005053299818722999,0.0009150262079923723,0.00012940424732696374,0.0002536323247608489,0.13345875110678868,0.19833323172231246,0.028048554617098004,0.05497516704951209,0.019375038210329626,0.019062337913954314,0.017117177022413853
2B_clustering,10,0.020667941806774184,0.003624168555397351,0.0005125348323369041,0.001004568271380332,0.9721179445752225,0.07414377048969155,0.010485512579199984,0.020551604655231967,0.22588146862641484,0.02607684511612834,0.0036878228027131307,0.007228132693317736,0.2056363201169205,0.07511081578155358,0.010622273435918018,0.020819655934399314,0.019908881720200593,0.01550178686359167,0.0021922837223508425,0.0042968760958076516,0.02022005783861501,0.014326445933754001,0.002026065414011979,0.003971088211463479,0.016423812673638124,0.011295280616718112,0.001597393903897269,0.003130892051638647,-0.00031117611841441605,0.007805038269514237,0.0011037990975588064,0.0021634462312152608,-0.01563001492437821,6.231565107195647,0.8812763889407034,1.7273017223237785,0.0034850690465624617,0.010487632189213583,0.0014831751679166482,0.0029070233291166305,0.17505096948897614,5.709984805909549,0.8075137953461589,1.5827270388784713,0.0002440972060493843,0.0006373512684807448,9.01350807881165e-05,0.00017666475834470833,0.04798341039596923,0.10291683913848938,0.014554638970622183,0.02852709238241948,0.019908881720200593,0.02022005783861501,0.016423812673638124
GMM,3,0.006101625955923618,0.003498943098369248,0.0004948252783685529,0.0009698575456023636,0.8310424033650464,0.2596030407104845,0.03671341410060619,0.07195829163718813,0.07093294692923031,0.03852194222113389,0.00544782531380803,0.010677737615063737,0.07629037034446133,0.07011414282791567,0.009915637170140261,0.01943464885347491,0.020284821734142408,0.013124266608473099,0.0018560515833902999,0.003637861103444988,0.019201499034751112,0.013593315240381076,0.0019223850770559805,0.0037678747510297215,0.017528546057130376,0.011828011392428693,0.0016727334127076133,0.003278557488906922,0.001083322699391284,0.00426331153585755,0.0006029232994631417,0.0011817296669477577,0.0534055814534421,0.4812603454573586,0.06806049075781574,0.13339856188531884,0.0027562756770120028,0.007394735286209374,0.0010457734931916187,0.0020497160466555727,0.1358787231722528,0.6886574911388726,0.09739087637984233,0.19088611770449096,0.0007013458199048552,0.0013011670412964825,0.00018401280767143586,0.00036066510303601427,0.1755359219154954,0.26806156169041045,0.03790962960934905,0.07430287403432413,0.020284821734142408,0.019201499034751112,0.017528546057130376
GMM,5,0.005299448350804161,0.003287721101085023,0.0004649539770454645,0.0009113097950091104,0.9046057884095302,0.1561282545844923,0.022079869510302837,0.04327654424019356,0.04980353370575145,0.029825065609806658,0.004217901228405596,0.008267086407674968,0.09521819142313484,0.06883013137730912,0.009734050529371248,0.019078739037567644,0.019375038210329626,0.014005784537488413,0.00198071704445915,0.0038822054071399334,0.018745959816948175,0.01355759566034785,0.0019173335656034545,0.0037579737885827707,0.01808709130827624,0.012872958264730783,0.0018205112165845096,0.003568201984505639,0.0006290783933814463,0.0040429326048912265,0.0005717570121597558,0.0011206437438331213,0.03246849820642228,5.964773314095836,0.8435463317275443,1.6533508101859868,0.0012879469020533703,0.006156502775898694,0.0008706609722463539,0.0017064955056028538,0.06647454771814221,11.618959364967202,1.64316899145985,3.2206112232613058,0.00046214215236608033,0.0008395485984930703,0.00011873010142602242,0.00023271099879500394,0.10946325387392919,0.17216389750828334,0.02434765188072258,0.047721397686216256,0.019375038210329626,0.018745959816948175,0.01808709130827624
GMM,10,0.007111441934540653,0.003204812076542446,0.00045322887035034086,0.000888328585886668,0.9503154627662161,0.13741684796189887,0.019433677008627897,0.03809000693691068,0.09285542548196586,0.030177470261052195,0.004267738772129076,0.008364767993372988,0.11497527194398544,0.05671991835788423,0.008021407779841457,0.015721959248489254,0.019908881720200593,0.01550178686359167,0.0021922837223508425,0.0042968760958076516,0.020104388318436462,0.015366576890617815,0.0021731621445960697,0.004259397803408296,0.01764618097883377,0.012796136184952492,0.001809646933873293,0.0035469079903916543,-0.00019550659823586752,0.005004201001038729,0.0007077008924509989,0.0013870937492039578,-0.009820069302913126,3.8391642125436047,0.5429398097556589,1.0641620271210914,0.002262700741366818,0.00802531001503165,0.0011349502265506387,0.0022245024440392517,0.11365282958464562,3.759554771685978,0.5316813346602794,1.0420954159341478,0.0006877481489739755,0.0016167679294460215,0.00022864551330324307,0.0004481452060743564,0.08560703049101503,0.16432198642114465,0.023238638179287032,0.04554773083140258,0.019908881720200593,0.020104388318436462,0.01764618097883377
PS_propensity_score,3,0.003923163129827049,0.0038307385778806637,0.0005417482450744657,0.0010618265603459527,0.9017633140073077,0.19438927674545559,0.027490795155332017,0.05388195850445075,0.030116415248671688,0.03311341882155647,0.004682944599398567,0.009178571414821191,0.04100865827881044,0.04476557014764373,0.0063308076430161914,0.012408382980311735,0.020284821734142408,0.013124266608473099,0.0018560515833902999,0.003637861103444988,0.019033022396583606,0.012116201849826024,0.0017134896980473945,0.003358439808172893,0.01878585570349302,0.012009002962035444,0.0016983294859489195,0.0033287257924598823,0.0012517993375587737,0.005687301087045352,0.0008043058330598783,0.0015764394327973615,0.0617111332781316,0.6200624700953894,0.08769007547274613,0.1718725479265824,0.0014989660306493706,0.0066501784400441345,0.0009404772542111567,0.001843335418253867,0.0738959430008892,0.589565684812114,0.0833771787371073,0.1634192703247303,0.000337520044893158,0.0009324263656954674,0.0001318650012280785,0.0002584554024070339,0.09090705573748269,0.19464121671376114,0.027526424847340174,0.05395179270078674,0.020284821734142408,0.019033022396583606,0.01878585570349302
PS_propensity_score,5,0.0033027024887060056,0.0032464461243920223,0.00045911681386287697,0.0008998689551712388,0.8500416117165046,0.20680470781965496,0.02924660225611613,0.05732334042198761,0.027638426536004745,0.03414426453385742,0.004828728198103582,0.00946430726828302,0.048112016429468475,0.047325910891146794,0.006692894503392036,0.01311807322664839,0.019375038210329626,0.014005784537488413,0.00198071704445915,0.0038822054071399334,0.01873784843480204,0.012798651022948951,0.0018100025856734694,0.00354760506792,0.01873739802388413,0.013167181042185654,0.0018621206008080857,0.003649756377583848,0.00063718977552759,0.0061885327389782615,0.0008751906930652974,0.001715373758407983,0.03288714936251713,8.350827781526874,1.180985390567733,2.3147313655127566,0.0006376401864454922,0.007510911980334947,0.0010622033588380242,0.0020819185833225273,0.032910396331788605,3.6667412377695743,0.5185555188166442,1.0163688168806226,0.0008024921526982121,0.001245962053011242,0.00017620564335707237,0.00034536306097986185,0.1669854815599896,0.2143334010967285,0.030311320270054582,0.05941018772930698,0.019375038210329626,0.01873784843480204,0.01873739802388413
PS_propensity_score,10,0.0041873261619351084,0.0038287232669555467,0.0005414632370701958,0.0010612679446575838,0.9653662348926827,0.101081074383253,0.014295022629204002,0.028018244353239845,0.05195364500469281,0.049151121863766856,0.006951018314559184,0.013623995896536,0.05705603810330953,0.06859796063882496,0.0097012166286562,0.01901438459216615,0.019908881720200593,0.01550178686359167,0.0021922837223508425,0.0042968760958076516,0.019914464148779003,0.014054946291639144,0.0019876695664061516,0.003895832350156057,0.018404412843058934,0.012167050295489803,0.0017206807541957252,0.003372534278223621,-5.582428578405998e-06,0.007836132493169699,0.0011081964848393081,0.002172065110285044,-0.00028039890220177277,4.6608750265397,0.6591472675058503,1.2919286443114666,0.001504468877141664,0.008127516207417694,0.0011494043648937243,0.0022528325551916997,0.0755677239076239,5.7050487497722795,0.8068157315927628,1.581358833921815,0.000372131081635668,0.001104321765449889,0.00015617468179230328,0.0003061023763129144,0.04902286639964065,0.11683507452587845,0.01652297469553686,0.032385030403252246,0.019908881720200593,0.019914464148779003,0.018404412843058934
Prognostic_score,3,0.02521813752519175,0.004986687789152795,0.0007052241502740188,0.0013822393345370768,0.8465706670547176,0.24937854408944882,0.03526745192161553,0.06912420576636644,0.29004072254591823,0.034390856326767416,0.004863601543893904,0.009532659026032052,0.09546098248437973,0.09123815057776849,0.012903022995291884,0.02528992507077209,0.020284821734142408,0.013124266608473099,0.0018560515833902999,0.003637861103444988,0.017076394691432833,0.012066771417541889,0.0017064991792743755,0.003344738391377776,0.013853993667703804,0.011712278217771337,0.0016563662701859206,0.003246477889564404,0.0032084270427095345,0.0055183102599424055,0.000780406921099315,0.0015295975653546573,0.15816885574642792,0.8201152350284717,0.11598180880860631,0.22732434526486836,0.006430828066438583,0.010518526274054727,0.0014875442512945934,0.002915586732537403,0.31702660002254557,0.8444123312361048,0.11941793710691817,0.2340591567295596,0.00046036493949997077,0.0008191087124324307,0.00011583946501799068,0.00022704535143526172,0.16969890693543405,0.24088526893206777,0.034066321429962056,0.06676999000272563,0.020284821734142408,0.017076394691432833,0.013853993667703804
Prognostic_score,5,0.026912649123605473,0.004369608902479867,0.0006179560172153243,0.0012111937937420356,0.8841769287445814,0.19090942111443437,0.02699866925248296,0.052917391734866606,0.32381168858592085,0.036865119388203575,0.005213515181730083,0.010218489756190963,0.11655045069269677,0.12357956890233739,0.01747679023739059,0.034254508865285554,0.019375038210329626,0.014005784537488413,0.00198071704445915,0.0038822054071399334,0.019041123226701925,0.012959970409167104,0.0018328165920598108,0.0035923205204372293,0.015279379744305988,0.011717943609978741,0.001657167477635508,0.0032480482561655956,0.0003339149836276956,0.007640901025342131,0.001080586585878933,0.0021179497083227087,0.017234287747090904,3.011845484190705,0.4259392731514656,0.8348409753768726,0.004095658466023627,0.010255712565649751,0.0014503767802142048,0.0028427384892198413,0.21138840716402174,12.06271162763541,1.7059250382797628,3.343613075028335,0.0005325045069850425,0.001035343748791131,0.00014641971712586204,0.0002869826455666896,0.14307803164122423,0.22207022347594738,0.031405472183890885,0.061554725480426134,0.019375038210329626,0.019041123226701925,0.015279379744305988
Prognostic_score,10,0.022418364720806876,0.003964114436666513,0.0005606104399132764,0.0010987964622300218,0.9500279099220441,0.09553377446320595,0.01351051595105583,0.026480611264069427,0.35090618738044826,0.03795332896284435,0.005367411255646206,0.010520126061066564,0.10068464702806658,0.0962919399135215,0.013617736737291726,0.026690764005091783,0.019908881720200593,0.01550178686359167,0.0021922837223508425,0.0042968760958076516,0.019706848905683357,0.013597069429116593,0.0019229159995185281,0.003768915359056315,0.013718870792657514,0.012258130253116718,0.0017335614053293601,0.003397780354445546,0.0002020328145172398,0.007964383706201172,0.0011263339453252994,0.0022076145328375867,0.010147873565005017,5.091032486607396,0.7199807189042202,1.4111622090522715,0.006190010927543059,0.010858250606487062,0.0015355885271339886,0.0030097535131826175,0.3109170577502789,1.7982621383615,0.2543126704772877,0.4984528341354838,0.00035122930578064456,0.0006175247753132524,8.733119123493999e-05,0.00017116913482048237,0.08237396152617071,0.13695135012612214,0.01936784567336682,0.03796097751979896,0.019908881720200593,0.019706848905683357,0.013718870792657514
baseline_oracle_kmeans,3,0.31713314630100947,0.013966835347785807,0.001975208797227063,0.0038714092425650433,0.830826279372996,0.2513269198300121,0.03554299386130587,0.0696642679681595,0.2265353983730636,0.059783306797541014,0.008454636327659415,0.016571087202212453,0.02505647460579403,0.02573519277938799,0.003639505865889664,0.007133431497143742,0.020284821734142408,0.013124266608473099,0.0018560515833902999,0.003637861103444988,0.01935147563514159,0.014025939723438139,0.0019835674181913755,0.003887792139655096,0.017714239499692502,0.011615118019374919,0.0016426257431564131,0.0032195464565865695,0.0009333460990007958,0.005977113451405812,0.0008452914906820759,0.0016567713217368687,0.046012043449702,0.6463288476196507,0.09140470220566835,0.17915321632310996,0.0025705822344498663,0.006765351408772208,0.0009567651716505581,0.001875259736435094,0.12672441829366576,1.442301901230555,0.2039722909756751,0.3997856903123232,0.0007582814473880631,0.0013465806321225082,0.00019043525927765864,0.0003732531081842109,0.19098305628193832,0.28565053405026936,0.04039708593530085,0.07917828843318966,0.020284821734142408,0.01935147563514159,0.017714239499692502
baseline_oracle_kmeans,5,0.3722660887116946,0.018791578279718137,0.002657530486157306,0.00520875975286832,0.9360774438099183,0.13120971876407722,0.018555856379131756,0.03636947850309824,0.35485517239491704,0.10915222948846456,0.015436456330584707,0.030255454407946025,0.03494731628947494,0.026547752684531453,0.003754419189699112,0.007358661611810259,0.019375038210329626,0.014005784537488413,0.00198071704445915,0.0038822054071399334,0.019494729934193048,0.012927061982291753,0.0018281626376994624,0.0035831987698909462,0.017176960411971684,0.012251573042147976,0.0017326340756610265,0.003395962788295612,-0.000119691723863426,0.008386163108798516,0.0011859825604735778,0.0023245258185282127,-0.006177625177513635,36.92247850900123,5.221626986385867,10.234388893316298,0.002198077798357936,0.011646207844325997,0.001647022508366175,0.003228164116397703,0.11344895295153823,43.741657358463456,6.186004507701591,12.124568835095117,0.00029648368130128996,0.0005879712179979277,8.31516870777697e-05,0.0001629773066724286,0.10136451975388173,0.17414270261580314,0.024627497182757346,0.04826989447820439,0.019375038210329626,0.019494729934193048,0.017176960411971684
baseline_oracle_kmeans,10,0.5856375073599279,0.055736108852296996,0.007882276105282153,0.01544926116635302,0.9248428340296962,0.12342138932431608,0.017454420266937772,0.03421066372319803,0.6723614557931485,0.04551973728447123,0.006437462982335945,0.012617427445378452,0.06256036117361512,0.03985417811597142,0.005636231920883978,0.011047014564932596,0.019908881720200593,0.01550178686359167,0.0021922837223508425,0.0042968760958076516,0.01815623455603107,0.014533073009341348,0.0020552868952768903,0.004028362314742705,0.013204842562526837,0.00870266883702728,0.0012307432298165669,0.002412256730440471,0.0017526471641695202,0.009860736330398448,0.001394518705343459,0.0027332566624731795,0.08803343094811789,7.729165156895166,1.0930690190702714,2.142415277377732,0.006704039157673754,0.014483464358344224,0.0020482711725717737,0.0040146114982406765,0.3367360985861645,4.677541492787564,0.6615042617663066,1.296548353061961,0.00048515691292562403,0.0007835288458290994,0.00011080771202820502,0.00021718311557528182,0.1210499381723828,0.16354056538238343,0.02312812855619305,0.04533113197013838,0.019908881720200593,0.01815623455603107,0.013204842562526837
baseline_oracle_quantile,3,0.057937771618464654,0.010250651902942023,0.0014496610944306184,0.002841335745084012,0.8902737736749886,0.22190836009454126,0.031382581244967275,0.061509859240135856,0.3924875303693172,0.02370305021829315,0.0033521175088320723,0.006570150317310862,0.0365256876186905,0.03344200713153498,0.004729414003839453,0.009269651447525328,0.020284821734142408,0.013124266608473099,0.0018560515833902999,0.003637861103444988,0.01816064515824967,0.011862434938107298,0.0016776016372239788,0.0032880992089589986,0.013888439677239186,0.010644262646785668,0.001505326059654563,0.0029504390769229433,0.0021241765758927243,0.007897241449933232,0.0011168385963830543,0.0021890036489107863,0.10471753726666622,0.9163223258074435,0.12958754606621445,0.2539915902897803,0.006396382056903199,0.011734682994769957,0.00165953478413526,0.0032526881769051096,0.31532848258346524,1.566052990349507,0.22147333783472145,0.43408774215605406,0.000466785739473404,0.0011518984356033164,0.0001629030390106561,0.00031928995646088597,0.14931096370597088,0.2439155781514611,0.034494871869587086,0.06760994886439069,0.020284821734142408,0.01816064515824967,0.013888439677239186
baseline_oracle_quantile,5,0.09524543117635856,0.0070794640765787275,0.0010011874111430755,0.001962327325840428,0.8797636754005925,0.17922435554035304,0.025346151431274482,0.049678456805297984,0.4466229850712308,0.02254839494710942,0.003188824594394711,0.006250096205013633,0.04723032450559189,0.05062046021290058,0.007158814136665165,0.014031275707863722,0.019375038210329626,0.014005784537488413,0.00198071704445915,0.0038822054071399334,0.0171754700074157,0.012582624909634495,0.001779451879745864,0.0034877256843018935,0.012939135834334703,0.011084077030094066,0.0015675252062347124,0.003072349404220036,0.0021995682029139142,0.008263774923714958,0.0011686742573516382,0.002290601544409211,0.11352587690594818,11.412880044958357,1.6140249745317365,3.1634889500822037,0.006435902375994896,0.011219212452144222,0.0015866362408967468,0.003109807032157624,0.33217495140544706,56.81627212846517,8.035034260755593,15.748667151080962,0.0005894306011332085,0.0009650732250238518,0.0001364819643511873,0.0002675046501283271,0.17496350476470388,0.242944149455132,0.034357491105864384,0.06734068256749419,0.019375038210329626,0.0171754700074157,0.012939135834334703
baseline_oracle_quantile,10,0.08577350646753876,0.005625350004885847,0.0007955446270005122,0.0015592674689210038,0.9544717682450542,0.0895017372929857,0.01265745707356942,0.024808615864196065,0.4722239342820091,0.02316093256856396,0.003275450495567187,0.0064198829713116865,0.05181068766630125,0.04314307582831366,0.006101352295889202,0.011958650499942835,0.019908881720200593,0.01550178686359167,0.0021922837223508425,0.0042968760958076516,0.018079996483159066,0.012992117970407193,0.001837362943770106,0.0036012313697894077,0.012588051977396415,0.010000988440815813,0.0014143533490138275,0.0027721325640671017,0.001828885237041524,0.008877228898397808,0.001255429750440455,0.0024606423108632916,0.09186278078019039,5.112690079829548,0.7230435651105328,1.4171653876166443,0.007320829742804167,0.015207801764803498,0.0021507079509666596,0.004215387583894652,0.3677167731312644,6.7955284745327065,0.9610328532176703,1.8836243923066338,0.00027548355952940217,0.000500579890251989,7.079268698455982e-05,0.00013875366648973727,0.07530604586383657,0.12648985515097763,0.017888366865712085,0.03506119905679569,0.019908881720200593,0.018079996483159066,0.012588051977396415
baseline_random,3,3.3403277699528356e-05,0.0011513699863612515,0.00016282830500214074,0.0003191434778041958,0.8413792288007239,0.24613402031890416,0.03480860696964092,0.0682248696604962,0.001541021407670079,0.001756357766378177,0.0002483864973591334,0.0004868375348239014,0.0016709431358727053,0.0015115011266684513,0.00021375853928767372,0.0004189667370038405,0.020284821734142408,0.013124266608473099,0.0018560515833902999,0.003637861103444988,0.02039990555445315,0.012961886002639946,0.0018330874978867394,0.003592851495858009,0.0202423763190946,0.012651185984943927,0.0017891478800012124,0.003506729844802376,-0.00011508382031075694,0.0010531373081350405,0.00014893610642056673,0.0002919147685843108,-0.005673395695513506,0.322659039279007,0.04563087893706449,0.0894365227166464,4.2445415047798956e-05,0.002140121842725802,0.0003026589335113729,0.0005932115096822908,0.002092471681738539,0.6061586378118221,0.08572377665430796,0.16801860224244358,0.0006419061040574395,0.0011866232200588276,0.00016781386512340277,0.0003289151756418694,0.16685305897083202,0.25338367570379183,0.035833863066424845,0.07023437161019269,0.020284821734142408,0.02039990555445315,0.0202423763190946
baseline_random,5,0.00017197956225441753,0.0011396904658365656,0.00016117657136933814,0.00031590607988390274,0.8630098062001837,0.22013359865895243,0.03113159207574863,0.06101792046846731,0.003680869752465765,0.00223953555847778,0.000316718156021608,0.0006207675858023518,0.003880165021703556,0.0030043397537809465,0.00042487780257736594,0.0008327604930516373,0.019375038210329626,0.014005784537488413,0.00198071704445915,0.0038822054071399334,0.01935436595797228,0.013724256061415661,0.0019409029055535184,0.003804169694884896,0.01948347765122877,0.014193525710849383,0.002007267655817442,0.003934244605402187,2.0672252357341307e-05,0.0012447967710671006,0.00017604084760413304,0.00034504006130410076,0.0010669528561922936,4.134961126251,0.5847718104629692,1.1461527485074197,-0.00010843944089915151,0.002555567438821374,0.0003614118131540262,0.0007083671537818914,-0.0055968633311562765,4.579111510900749,0.6475841602334594,1.2692649540575804,0.0008148835767963192,0.0016866356500981718,0.00023852630111507965,0.0004675115501855561,0.1375790228809509,0.22520903117124189,0.03184936662512754,0.06242475858524997,0.019375038210329626,0.01935436595797228,0.01948347765122877
baseline_random,10,-0.000588624057601638,0.0012991272795195522,0.00018372434179454134,0.000360099709917301,0.9217423008238732,0.13512516673756517,0.019109584341819048,0.037454785309965336,0.0069819574064403965,0.0031586363639877464,0.00044669863845563107,0.0008755293313730369,0.009490810900304885,0.0040934890066482085,0.0005789067670627064,0.0011346572634429047,0.019908881720200593,0.01550178686359167,0.0021922837223508425,0.0042968760958076516,0.020809890561771446,0.015195716477369108,0.0021489988332271705,0.004212037713125254,0.020554415116220897,0.015129584348973296,0.002139646337938575,0.004193706822359607,-0.000901008841570843,0.002111097984171406,0.0002985543400713704,0.000585166506539886,-0.04525662738036362,1.306319808281351,0.1847415189668108,0.36209337717494916,-0.0006455333960202991,0.005118384493625498,0.0007238488768325326,0.001418743798591764,-0.03242439254462548,3.1689023921505006,0.4481504740815782,0.8783749291998932,0.0008626472339354746,0.0014360328218731714,0.00020308570927059458,0.00039804799017036536,0.1094784989655866,0.16638280619578197,0.023530082106776908,0.046118960929282735,0.019908881720200593,0.020809890561771446,0.020554415116220897
