dataset,method,n_strata,true_ate_riskdiff,error,ARI,NMI,V_measure,eta2_Z1_age,eta2_mean,weighted_entropy_Z2,entropy_reduction_Z2,C1_heterogeneity,W_true,W_est,crude_effect,stratified_effect,true_ate,bias_crude,bias_stratified,bias_reduction,bias_reduction_relative,eta2_Z2_sex,eta2_Z3_bmi
COVID-19 CFR,1A_predicted_prob,2,-0.011381879301819713,,0.05627587401819445,0.10666589054210271,0.1066658905421027,0.2542958934657826,0.2542958934657826,,,0.15844284404436138,,0.00890875309986039,0.017880810282458012,0.012168093897920333,-0.011381879301819713,0.029262689584277725,0.023549973199740046,0.005712716384537679,0.19522184958716204,,
COVID-19 CFR,1B_residual,2,-0.011381879301819713,,0.0576475614056339,0.10975228835904759,0.10975228835904759,0.2603332657187119,0.2603332657187119,,,1.0,,0.008905005316621861,0.017880810282458012,0.0046715148372696545,-0.011381879301819713,0.029262689584277725,0.016053394139089367,0.013209295445188358,0.4514040108017089,,
COVID-19 CFR,1C_cv_decision,2,-0.011381879301819713,,0.05627587401819445,0.10666589054210271,0.1066658905421027,0.2542958934657826,0.2542958934657826,,,0.15844284404436138,,0.00890875309986039,0.017880810282458012,0.012168093897920333,-0.011381879301819713,0.029262689584277725,0.023549973199740046,0.005712716384537679,0.19522184958716204,,
COVID-19 CFR,1D_ml_uncertainty,2,-0.011381879301819713,,0.026629784525651463,0.05030026677970167,0.05030026677970166,0.12555826854603813,0.12555826854603813,,,1.0,,0.007305291214380394,0.017880810282458012,0.007851252083339805,-0.011381879301819713,0.029262689584277725,0.019233131385159516,0.010029558199118209,0.3427421860944353,,
COVID-19 CFR,2A_PCA_cum60,2,-0.011381879301819713,,0.017998765658852094,0.03455582603727789,0.03455582603727789,0.0892214061616695,0.0892214061616695,,,0.35794056831686527,,0.17345872064796108,0.017880810282458012,0.015548479842412718,-0.011381879301819713,0.029262689584277725,0.026930359144232432,0.0023323304400452924,0.07970321502157507,,
COVID-19 CFR,2B_clustering,2,-0.011381879301819713,,0.05638395925821529,0.10657414556609217,0.10657414556609215,0.254220724050879,0.254220724050879,,,0.16248273446220096,,0.014045922772711217,0.017880810282458012,0.012311085605166706,-0.011381879301819713,0.029262689584277725,0.02369296490698642,0.0055697246772913045,0.190335364124691,,
COVID-19 CFR,PS_propensity_score,2,-0.011381879301819713,,0.05695345071129946,0.1078183777257313,0.1078183777257313,0.2566665386287542,0.2566665386287542,,,0.20226091757691733,,0.01031856251969665,0.017880810282458012,0.011996529104596117,-0.011381879301819713,0.029262689584277725,0.023378408406415828,0.005884281177861897,0.20108476908504702,,
COVID-19 CFR,GMM,2,-0.011381879301819713,,0.05668914903521574,0.10626386010123445,0.10626386010123445,0.2539982378924769,0.2539982378924769,,,0.2159558779875711,,0.012278108589031111,0.017880810282458012,0.012117633651505894,-0.011381879301819713,0.029262689584277725,0.023499512953325606,0.005763176630952119,0.19694623812189027,,
COVID-19 CFR,Prognostic_score,2,-0.011381879301819713,,0.05585839834252976,0.10608518143712463,0.10608518143712463,0.25283458533771735,0.25283458533771735,,,0.1276854260627247,,0.015285492123192856,0.017880810282458012,0.012497950913950239,-0.011381879301819713,0.029262689584277725,0.02387983021576995,0.005382859368507773,0.1839495769179016,,
COVID-19 CFR,baseline_random,2,-0.011381879301819713,,6.468255277761495e-06,6.940710186608879e-05,6.940710186608879e-05,9.844825504572195e-06,9.844825504572195e-06,,,0.5010418067231761,,6.83839453974322e-06,0.017880810282458012,0.017850998941597713,-0.011381879301819713,0.029262689584277725,0.029232878243417425,2.9811340860299435e-05,0.0010187491745911048,,
COVID-19 CFR,baseline_oracle_kmeans,2,-0.011381879301819713,,0.27865433279783924,0.45814359345281064,0.45814359345281064,0.6735777874990208,0.6735777874990208,,,1.0,,0.005771082031725494,0.017880810282458012,0.0033504905569300206,-0.011381879301819713,0.029262689584277725,0.014732369858749733,0.014530319725527992,0.49654764930886086,,
COVID-19 CFR,baseline_oracle_quantile,2,-0.011381879301819713,,0.23915341532175455,0.421655529925458,0.421655529925458,0.6668400637244646,0.6668400637244646,,,1.0,,0.007073902814547783,0.017880810282458012,0.0023421268774399193,-0.011381879301819713,0.029262689584277725,0.013724006179259632,0.015538683405018093,0.5310066718326099,,
COVID-19 CFR,1A_predicted_prob,3,-0.011381879301819713,,0.06274976568148262,0.11731483655638347,0.11731483655638346,0.31114721352669084,0.31114721352669084,,,0.36413300835487983,,0.034626989784379725,0.017880810282458012,0.01052145499201782,-0.011381879301819713,0.029262689584277725,0.021903334293837534,0.007359355290440191,0.25149278466850944,,
COVID-19 CFR,1B_residual,3,-0.011381879301819713,,0.06483997767264593,0.12132092920896825,0.12132092920896827,0.31893555750107716,0.31893555750107716,,,1.0,,0.03541932467677589,0.017880810282458012,0.0012760477665378276,-0.011381879301819713,0.029262689584277725,0.01265792706835754,0.016604762515920184,0.5674380158425902,,
COVID-19 CFR,1C_cv_decision,3,-0.011381879301819713,,0.06274976568148262,0.11731483655638347,0.11731483655638346,0.31114721352669084,0.31114721352669084,,,0.36413300835487983,,0.034626989784379725,0.017880810282458012,0.01052145499201782,-0.011381879301819713,0.029262689584277725,0.021903334293837534,0.007359355290440191,0.25149278466850944,,
COVID-19 CFR,1D_ml_uncertainty,3,-0.011381879301819713,,0.02858540683888086,0.05315632207329146,0.05315632207329147,0.14933595765219773,0.14933595765219773,,,1.0,,0.016091115443132575,0.017880810282458012,0.005914457461392624,-0.011381879301819713,0.029262689584277725,0.017296336763212336,0.011966352821065389,0.408928673032662,,
COVID-19 CFR,2A_PCA_cum60,3,-0.011381879301819713,,0.019581121106420962,0.03782796894912915,0.03782796894912915,0.11187168105502258,0.11187168105502258,,,0.11741762464115924,,0.23570071857064723,0.017880810282458012,0.016392023091961118,-0.011381879301819713,0.029262689584277725,0.02777390239378083,0.0014887871904968944,0.05087663545789689,,
COVID-19 CFR,2B_clustering,3,-0.011381879301819713,,0.04467735244222698,0.08445922764745918,0.08445922764745917,0.2361789614939765,0.2361789614939765,,,0.4390918431861992,,0.007847002651227175,0.017880810282458012,0.01277349080397389,-0.011381879301819713,0.029262689584277725,0.024155370105793602,0.005107319478484123,0.17453349473481705,,
COVID-19 CFR,PS_propensity_score,3,-0.011381879301819713,,0.06407979002635314,0.11926813495259227,0.11926813495259225,0.31588929921310016,0.31588929921310016,,,0.43132043194108005,,0.036985200376400185,0.017880810282458012,0.010353072533873145,-0.011381879301819713,0.029262689584277725,0.021734951835692858,0.007527737748584867,0.25724695356196425,,
COVID-19 CFR,GMM,3,-0.011381879301819713,,0.04711262823808509,0.08817378128940918,0.08817378128940918,0.24417541005557444,0.24417541005557444,,,0.38765440025737796,,0.015464879077045857,0.017880810282458012,0.012654732912082549,-0.011381879301819713,0.029262689584277725,0.024036612213902263,0.005226077370375462,0.17859183296614445,,
COVID-19 CFR,Prognostic_score,3,-0.011381879301819713,,0.062338870970255054,0.11669032406102627,0.11669032406102625,0.3097996903785506,0.3097996903785506,,,0.30717664901568587,,0.04776591818712106,0.017880810282458012,0.01058408518566724,-0.011381879301819713,0.029262689584277725,0.02196596448748695,0.007296725096790774,0.24935250998633984,,
COVID-19 CFR,baseline_random,3,-0.011381879301819713,,-9.887302833341305e-06,6.780423809598725e-05,6.780423809598725e-05,1.6223521056224115e-05,1.6223521056224115e-05,,,0.32947913944600804,,4.653564669143684e-05,0.017880810282458012,0.01781833135724747,-0.011381879301819713,0.029262689584277725,0.029200210659067184,6.247892521054135e-05,0.0021351053542293386,,
COVID-19 CFR,baseline_oracle_kmeans,3,-0.011381879301819713,,0.4652169709007699,0.6181158826741505,0.6181158826741504,0.8350512925064006,0.8350512925064006,,,0.9074504049614399,,0.011528157296360364,0.017880810282458012,-0.00334026827807957,-0.011381879301819713,0.029262689584277725,0.008041611023740142,0.021221078560537582,0.7251923477307176,,
COVID-19 CFR,baseline_oracle_quantile,3,-0.011381879301819713,,0.42458355515072715,0.5843227663721301,0.58432276637213,0.8248144408127364,0.8248144408127364,,,0.4989806944060603,,0.01197054835859146,0.017880810282458012,-0.003277017100683787,-0.011381879301819713,0.029262689584277725,0.008104862201135925,0.0211578273831418,0.723030852041348,,
COVID-19 CFR,1A_predicted_prob,4,-0.011381879301819713,,0.06133589780061675,0.11820685510037711,0.1182068551003771,0.33778084648384765,0.33778084648384765,,,0.2818017353752248,,0.05500471541613483,0.017880810282458012,0.009922627402980123,-0.011381879301819713,0.029262689584277725,0.021304506704799837,0.007958182879477887,0.27195664487907034,,
COVID-19 CFR,1B_residual,4,-0.011381879301819713,,0.06359758078674253,0.12268289301553863,0.12268289301553863,0.3467376742985771,0.3467376742985771,,,1.0,,0.05405250523150984,0.017880810282458012,-0.0006931358597963227,-0.011381879301819713,0.029262689584277725,0.01068874344202339,0.018573946142254334,0.6347313389892142,,
COVID-19 CFR,1C_cv_decision,4,-0.011381879301819713,,0.06133589780061675,0.11820685510037711,0.1182068551003771,0.33778084648384765,0.33778084648384765,,,0.2818017353752248,,0.05500471541613483,0.017880810282458012,0.009922627402980123,-0.011381879301819713,0.029262689584277725,0.021304506704799837,0.007958182879477887,0.27195664487907034,,
COVID-19 CFR,1D_ml_uncertainty,4,-0.011381879301819713,,0.027995170921643633,0.05378178297862904,0.05378178297862904,0.16352739420030013,0.16352739420030013,,,1.0,,0.018523717733446854,0.017880810282458012,0.005250859237971264,-0.011381879301819713,0.029262689584277725,0.016632738539790977,0.012629951044486748,0.4316059536534391,,
COVID-19 CFR,2A_PCA_cum60,4,-0.011381879301819713,,0.018539292559855362,0.037223382958000754,0.037223382958000754,0.119510840530354,0.119510840530354,,,0.15257423765426348,,0.26776667814872146,0.017880810282458012,0.016094684745555143,-0.011381879301819713,0.029262689584277725,0.027476564047374856,0.001786125536902869,0.06103764084154861,,
COVID-19 CFR,2B_clustering,4,-0.011381879301819713,,0.037519364173105224,0.07399398474557083,0.07399398474557083,0.22724891020802007,0.22724891020802007,,,0.4776312656309939,,0.005546261270127584,0.017880810282458012,0.013414580200589919,-0.011381879301819713,0.029262689584277725,0.02479645950240963,0.004466230081868094,0.15262541295136833,,
COVID-19 CFR,PS_propensity_score,4,-0.011381879301819713,,0.06200488896470299,0.11939124898281966,0.11939124898281968,0.33996386932290357,0.33996386932290357,,,0.5976894361666192,,0.055313064136895296,0.017880810282458012,0.009735877365409156,-0.011381879301819713,0.029262689584277725,0.02111775666722887,0.008144932917048854,0.278338492898649,,
COVID-19 CFR,GMM,4,-0.011381879301819713,,0.04067707803934351,0.08012899905774094,0.08012899905774093,0.24312086075476705,0.24312086075476705,,,0.5567125719692232,,0.010046763745573117,0.017880810282458012,0.012273627144781862,-0.011381879301819713,0.029262689584277725,0.023655506446601575,0.00560718313767615,0.191615439911196,,
COVID-19 CFR,Prognostic_score,4,-0.011381879301819713,,0.06107457838746064,0.11791013337508285,0.11791013337508285,0.3366221637804928,0.3366221637804928,,,0.27329983449788353,,0.0719432997880447,0.017880810282458012,0.010255460603124537,-0.011381879301819713,0.029262689584277725,0.02163733990494425,0.007625349679333475,0.26058266644876105,,
COVID-19 CFR,baseline_random,4,-0.011381879301819713,,2.3498086226890083e-07,0.00013404674600044612,0.00013404674600044615,2.166297537732903e-05,2.166297537732903e-05,,,0.7098674946489587,,9.801301508149951e-05,0.017880810282458012,0.017845086429395845,-0.011381879301819713,0.029262689584277725,0.029226965731215557,3.572385306216744e-05,0.0012207986883530086,,
COVID-19 CFR,baseline_oracle_kmeans,4,-0.011381879301819713,,0.4906932364261903,0.6451809112052758,0.6451809112052759,0.8952227630593886,0.8952227630593886,,,0.2587816447929112,,0.017796277147183792,0.017880810282458012,-0.00782376280168177,-0.011381879301819713,0.029262689584277725,0.0035581165001379433,0.02570457308413978,0.8784077420535654,,
COVID-19 CFR,baseline_oracle_quantile,4,-0.011381879301819713,,0.4537610922529534,0.6274451577684499,0.6274451577684499,0.8837794459322581,0.8837794459322581,,,0.3067990974846204,,0.01532329422946399,0.017880810282458012,-0.005539133937706562,-0.011381879301819713,0.029262689584277725,0.005842745364113151,0.023419944220164572,0.8003346429491449,,
COVID-19 CFR,1A_predicted_prob,9,-0.011381879301819713,,0.04253322941934761,0.10592753202556751,0.10592753202556751,0.36794484670421357,0.36794484670421357,,,0.8333163978255679,,0.10350636435909999,0.017880810282458012,0.008907291669558844,-0.011381879301819713,0.029262689584277725,0.020289170971378556,0.008973518612899169,0.3066539248572854,,
COVID-19 CFR,1B_residual,9,-0.011381879301819713,,0.04462717519569636,0.11034840650495517,0.11034840650495517,0.37806962874838485,0.37806962874838485,,,1.0,,0.09407093587618409,0.017880810282458012,-0.005359959328092753,-0.011381879301819713,0.029262689584277725,0.00602191997372696,0.023240769610550764,0.7942116716105816,,
COVID-19 CFR,1C_cv_decision,9,-0.011381879301819713,,0.04253322941934761,0.10592753202556751,0.10592753202556751,0.36794484670421357,0.36794484670421357,,,0.8333163978255679,,0.10350636435909999,0.017880810282458012,0.008907291669558844,-0.011381879301819713,0.029262689584277725,0.020289170971378556,0.008973518612899169,0.3066539248572854,,
COVID-19 CFR,1D_ml_uncertainty,9,-0.011381879301819713,,0.019669126380264367,0.04879927808282999,0.04879927808282999,0.18103822704223632,0.18103822704223632,,,1.0,,0.02162770427007632,0.017880810282458012,0.005140776496280285,-0.011381879301819713,0.029262689584277725,0.016522655798099996,0.012740033786177728,0.4353678341659579,,
COVID-19 CFR,2A_PCA_cum60,9,-0.011381879301819713,,0.012743554425673966,0.033210246802186635,0.033210246802186635,0.13152139706016158,0.13152139706016158,,,0.36928146731825073,,0.32379539293880766,0.017880810282458012,0.01596044639461322,-0.011381879301819713,0.029262689584277725,0.027342325696432933,0.001920363887844792,0.0656249960316897,,
COVID-19 CFR,2B_clustering,9,-0.011381879301819713,,0.023837056142451008,0.05925933195590419,0.05925933195590419,0.2216636436273353,0.2216636436273353,,,0.5651418688503272,,0.24077680342202257,0.017880810282458012,0.012156025577354908,-0.011381879301819713,0.029262689584277725,0.02353790487917462,0.0057247847051031045,0.19563426282520935,,
COVID-19 CFR,PS_propensity_score,9,-0.011381879301819713,,0.043210834723431145,0.10741925072927457,0.10741925072927457,0.3719677318632648,0.3719677318632648,,,0.6832900606145116,,0.10438956005092093,0.017880810282458012,0.009081051657978303,-0.011381879301819713,0.029262689584277725,0.020462930959798016,0.008799758624479709,0.30071598849914494,,
COVID-19 CFR,GMM,9,-0.011381879301819713,,0.021802903033164393,0.055737143645527884,0.0557371436455279,0.2136997332514899,0.2136997332514899,,,0.7617957564419514,,0.10635815519722491,0.017880810282458012,0.013551724194956585,-0.011381879301819713,0.029262689584277725,0.0249336034967763,0.004329086087501426,0.14793876260189565,,
COVID-19 CFR,Prognostic_score,9,-0.011381879301819713,,0.04234047795299268,0.1054380715129948,0.10543807151299478,0.36654714044622355,0.36654714044622355,,,0.8208060128899894,,0.13230153747775475,0.017880810282458012,0.008990318175302842,-0.011381879301819713,0.029262689584277725,0.020372197477122555,0.00889049210715517,0.3038166427440032,,
COVID-19 CFR,baseline_random,9,-0.011381879301819713,,3.346187582998825e-05,0.00033867930545458793,0.000338679305454588,0.00012354341594850764,0.00012354341594850764,,,0.731281740848305,,0.00022495560831747863,0.017880810282458012,0.017818946938573266,-0.011381879301819713,0.029262689584277725,0.02920082624039298,6.186334388474587e-05,0.0021140689650750444,,
COVID-19 CFR,baseline_oracle_kmeans,9,-0.011381879301819713,,0.6854583234000313,0.772914145010615,0.772914145010615,0.9803164440371772,0.9803164440371772,,,0.30279761872056044,,0.02201745774066388,0.017880810282458012,-0.01044538884072726,-0.011381879301819713,0.029262689584277725,0.0009364904610924523,0.02832619912318527,0.9679971159727023,,
COVID-19 CFR,baseline_oracle_quantile,9,-0.011381879301819713,,0.5019638931898315,0.6952986602409466,0.6952986602409466,0.96477437211694,0.96477437211694,,,0.6616180616271949,,0.020997486156854595,0.017880810282458012,-0.00885091623481187,-0.011381879301819713,0.029262689584277725,0.0025309630670078426,0.026731726517269884,0.9135088707509756,,
Kidney Stone,1A_predicted_prob,2,-0.053671217385603764,,0.7791208680554057,0.6793759823098369,0.6793759823098369,0.7424889966351862,0.7424889966351862,,,1.0,,0.11893345465270067,0.04571428571428571,-0.03270445478723405,-0.053671217385603764,0.09938550309988947,0.020966762598369715,0.07841874050151976,0.7890360068178491,,
Kidney Stone,1B_residual,2,-0.053671217385603764,,0.5469521220904745,0.44297551540683705,0.44297551540683705,0.5215539868209066,0.5215539868209066,,,1.0,,0.07574948625329148,0.04571428571428571,-0.09544770918161474,-0.053671217385603764,0.09938550309988947,0.04177649179601098,0.05760901130387849,0.5796520569602325,,
Kidney Stone,1C_cv_decision,2,-0.053671217385603764,,0.7791208680554057,0.6793759823098369,0.6793759823098369,0.7424889966351862,0.7424889966351862,,,1.0,,0.11893345465270067,0.04571428571428571,-0.03270445478723405,-0.053671217385603764,0.09938550309988947,0.020966762598369715,0.07841874050151976,0.7890360068178491,,
Kidney Stone,1D_ml_uncertainty,2,-0.053671217385603764,,0.17522052995958168,0.13135953929660482,0.13135953929660482,0.12817500701721685,0.12817500701721685,,,1.0,,0.019318782973076543,0.04571428571428571,-0.029692578548212334,-0.053671217385603764,0.09938550309988947,0.02397863883739143,0.07540686426249804,0.7587310212306195,,
Kidney Stone,2A_PCA_cum60,2,-0.053671217385603764,,0.41981520880714307,0.3296460878792281,0.32964608787922806,0.41069015441151024,0.41069015441151024,,,1.0,,0.051143028404950996,0.04571428571428571,0.019441693261435744,-0.053671217385603764,0.09938550309988947,0.07311291064703951,0.026272592452849963,0.26435034922994904,,
Kidney Stone,2B_clustering,2,-0.053671217385603764,,0.8514528773616632,0.7660852368437361,0.7660852368437361,0.7930072520518848,0.7930072520518848,,,1.0,,0.17117797931921197,0.04571428571428571,-0.03467492260061916,-0.053671217385603764,0.09938550309988947,0.018996294784984602,0.08038920831490487,0.80886251824985,,
Kidney Stone,PS_propensity_score,2,-0.053671217385603764,,0.9603432892015534,0.9291252238549076,0.9291252238549076,0.8600626057810038,0.8600626057810038,,,0.9772358845112474,,0.15425493658732636,0.04571428571428571,-0.04572697003329629,-0.053671217385603764,0.09938550309988947,0.007944247352307476,0.091441255747582,0.9200663365931453,,
Kidney Stone,GMM,2,-0.053671217385603764,,0.9659594979116253,0.9288155862430016,0.9288155862430016,0.8619991801528891,0.8619991801528891,,,0.8304108020349521,,0.16722890105006072,0.04571428571428571,-0.048546714081911024,-0.053671217385603764,0.09938550309988947,0.00512450330369274,0.09426099979619673,0.9484381208138348,,
Kidney Stone,Prognostic_score,2,-0.053671217385603764,,0.5640214298924032,0.4588852266954788,0.4588852266954788,0.5758195152491153,0.5758195152491153,,,1.0,,0.012859156200729527,0.04571428571428571,-0.012363828263409815,-0.053671217385603764,0.09938550309988947,0.04130738912219395,0.05807811397769552,0.5843720881437096,,
Kidney Stone,baseline_random,2,-0.053671217385603764,,-0.001301215692749586,9.14721337832637e-05,9.14721337832637e-05,0.0007455472062910266,0.0007455472062910266,,,0.36580374620720735,,0.0001795579864638519,0.04571428571428571,0.04727196973904877,-0.053671217385603764,0.09938550309988947,0.10094318712465253,-0.0015576840247630563,-0.015673151276373476,,
Kidney Stone,baseline_oracle_kmeans,2,-0.053671217385603764,,0.9715920322700451,0.940771398011847,0.940771398011847,0.8646507349367646,0.8646507349367646,,,0.8698105732711254,,0.16780242550141833,0.04571428571428571,-0.047123203567558745,-0.053671217385603764,0.09938550309988947,0.006548013818045019,0.09283748928184446,0.9341150005402317,,
Kidney Stone,baseline_oracle_quantile,2,-0.053671217385603764,,0.9603432892015534,0.9291252238549076,0.9291252238549076,0.8621301299490374,0.8621301299490374,,,1.0,,0.1675778569125922,0.04571428571428571,-0.04730576441102763,-0.053671217385603764,0.09938550309988947,0.006365452974576136,0.09302005012531334,0.9359518966445397,,
Kidney Stone,1A_predicted_prob,3,-0.053671217385603764,,0.4364700306077488,0.49793294768162144,0.4979329476816215,0.6989923791388665,0.6989923791388665,,,1.0,,0.09741343300822503,0.04571428571428571,-0.015749369159701324,-0.053671217385603764,0.09938550309988947,0.037921848225902444,0.06146365487398703,0.6184368238515803,,
Kidney Stone,1B_residual,3,-0.053671217385603764,,0.3312712274404013,0.3569239070352372,0.3569239070352372,0.5166529473283861,0.5166529473283861,,,1.0,,0.06174593642035231,0.04571428571428571,-0.06714748181151657,-0.053671217385603764,0.09938550309988947,0.013476264425912807,0.08590923867397667,0.8644041232817606,,
Kidney Stone,1C_cv_decision,3,-0.053671217385603764,,0.4364700306077488,0.49793294768162144,0.4979329476816215,0.6989923791388665,0.6989923791388665,,,1.0,,0.09741343300822503,0.04571428571428571,-0.015749369159701324,-0.053671217385603764,0.09938550309988947,0.037921848225902444,0.06146365487398703,0.6184368238515803,,
Kidney Stone,1D_ml_uncertainty,3,-0.053671217385603764,,0.16217134778443013,0.14802975884513578,0.14802975884513578,0.18133496727156806,0.18133496727156806,,,1.0,,0.03421028069704257,0.04571428571428571,-0.03892570811858508,-0.053671217385603764,0.09938550309988947,0.014745509267018682,0.0846399938328708,0.8516331979303018,,
Kidney Stone,2A_PCA_cum60,3,-0.053671217385603764,,0.3145068037391371,0.3105855953624099,0.3105855953624099,0.464097687541871,0.464097687541871,,,1.0,,0.056450767629213305,0.04571428571428571,0.006177026650062572,-0.053671217385603764,0.09938550309988947,0.05984824403566634,0.03953725906422313,0.3978171647879609,,
Kidney Stone,2B_clustering,3,-0.053671217385603764,,0.5643541337933756,0.5431474028930917,0.5431474028930917,0.7265149814600287,0.7265149814600287,,,1.0,,0.406625141015158,0.04571428571428571,-0.037826762303502515,-0.053671217385603764,0.09938550309988947,0.01584445508210125,0.08354104801778822,0.840575792365045,,
Kidney Stone,PS_propensity_score,3,-0.053671217385603764,,0.44438610970180914,0.5165857696503173,0.5165857696503174,0.8381713528389819,0.8381713528389819,,,1.0,,0.12854691985590883,0.04571428571428571,-0.008582021255637609,-0.053671217385603764,0.09938550309988947,0.045089196129966154,0.05429630696992332,0.5463201903335105,,
Kidney Stone,GMM,3,-0.053671217385603764,,0.7375701269152345,0.7512924919764072,0.7512924919764074,0.8640382450752554,0.8640382450752554,,,0.729986082197311,,0.28209590103851545,0.04571428571428571,-0.04618614410542855,-0.053671217385603764,0.09938550309988947,0.007485073280175211,0.09190042981971426,0.9246864678779945,,
Kidney Stone,Prognostic_score,3,-0.053671217385603764,,0.3675641603117234,0.3814132466223922,0.3814132466223922,0.5967835530754038,0.5967835530754038,,,1.0,,0.00213830939185089,0.04571428571428571,-0.006781602187389605,-0.053671217385603764,0.09938550309988947,0.04688961519821416,0.05249588790167531,0.5282046804040749,,
Kidney Stone,baseline_random,3,-0.053671217385603764,,0.0013151458465541976,0.0026876749264397788,0.002687674926439779,0.0018514114704694358,0.0018514114704694358,,,0.4243264274224644,,0.00013146856253110073,0.04571428571428571,0.047516458946628495,-0.053671217385603764,0.09938550309988947,0.10118767633223226,-0.001802173232342788,-0.018133160029702555,,
Kidney Stone,baseline_oracle_kmeans,3,-0.053671217385603764,,0.7071576418751715,0.7336418149856304,0.7336418149856305,0.9109406000747828,0.9109406000747828,,,1.0,,0.17398639754205913,0.04571428571428571,-0.0454800816607009,-0.053671217385603764,0.09938550309988947,0.008191135724902862,0.09119436737498661,0.9175821878501718,,
Kidney Stone,baseline_oracle_quantile,3,-0.053671217385603764,,0.4464060229767921,0.5177883618124149,0.5177883618124149,0.8533740733722198,0.8533740733722198,,,1.0,,0.1442253573387824,0.04571428571428571,-0.011193972050336584,-0.053671217385603764,0.09938550309988947,0.04247724533526718,0.05690825776462229,0.5726011942347916,,
UC Berkeley,1A_predicted_prob,2,0.04337162018550763,,0.0765002174088574,0.1009559881514245,0.1009559881514245,0.14368725732817728,0.12113858055900201,,,1.0,,0.14450354931360399,-0.15668942589923518,-0.13193039488647879,0.04337162018550763,0.20006104608474282,0.17530201507198642,0.024759031012756394,0.1237573805460801,0.03396726806646475,0.185761216282364
UC Berkeley,1B_residual,2,0.04337162018550763,,0.06090060793790467,0.08688439915399118,0.08688439915399118,0.03467360784353193,0.025125783066212878,,,0.014435354843211123,,0.03458038596825186,-0.15668942589923518,-0.04676161320770338,0.04337162018550763,0.20006104608474282,0.09013323339321101,0.1099278126915318,0.5494713480852642,0.004846539337842032,0.035857202017264674
UC Berkeley,1C_cv_decision,2,0.04337162018550763,,0.0765002174088574,0.1009559881514245,0.1009559881514245,0.14368725732817728,0.12113858055900201,,,1.0,,0.14450354931360399,-0.15668942589923518,-0.13193039488647879,0.04337162018550763,0.20006104608474282,0.17530201507198642,0.024759031012756394,0.1237573805460801,0.03396726806646475,0.185761216282364
UC Berkeley,1D_ml_uncertainty,2,0.04337162018550763,,0.014322079509452986,0.01917921787768731,0.01917921787768731,0.0017454239752176526,0.006799109050059535,,,0.09100492347963562,,0.001881517522096865,-0.15668942589923518,-0.1254552264640303,0.04337162018550763,0.20006104608474282,0.16882684664953793,0.03123419943520489,0.15612334358171132,0.006170164779160337,0.012481738395800619
UC Berkeley,2A_PCA_cum60,2,0.04337162018550763,,0.029511334278468537,0.03750160137325115,0.03750160137325115,0.12454746302621933,0.10291131714374523,,,0.7669018042334943,,0.3402397770996304,-0.15668942589923518,-0.14642221077763748,0.04337162018550763,0.20006104608474282,0.18979383096314512,0.0102672151215977,0.05132041105717633,0.008914696087675944,0.17527179231734039
UC Berkeley,2B_clustering,2,0.04337162018550763,,0.07603287098130035,0.1008108763208082,0.1008108763208082,0.2155170394976491,0.1474410687294959,,,1.0,,0.18793866090800904,-0.15668942589923518,-0.13080045809780566,0.04337162018550763,0.20006104608474282,0.1741720782833133,0.02588896780142952,0.12940534056021757,0.06890771111126778,0.15789845557957077
UC Berkeley,PS_propensity_score,2,0.04337162018550763,,0.07486819915702954,0.09911199709451189,0.09911199709451188,0.23139774561768175,0.1326582933465845,,,1.0,,0.15334765254478144,-0.15668942589923518,-0.13094074065436354,0.04337162018550763,0.20006104608474282,0.17431236083987117,0.025748685244871644,0.12870414180462142,0.0733915164747795,0.09318561794729216
UC Berkeley,GMM,2,0.04337162018550763,,0.07775219555002733,0.10362253485448228,0.10362253485448228,0.2205510962400391,0.13593871167078697,,,0.8817678303553043,,0.20357304476908822,-0.15668942589923518,-0.1288699827754874,0.04337162018550763,0.20006104608474282,0.17224160296099503,0.02781944312374779,0.13905477187180104,0.045811468059178705,0.14145357071314313
UC Berkeley,Prognostic_score,2,0.04337162018550763,,0.07621288737353685,0.09969864576486638,0.09969864576486638,0.1820201556852787,0.14060724441779573,,,1.0,,0.2201531280359904,-0.15668942589923518,-0.13098560643572696,0.04337162018550763,0.20006104608474282,0.1743572266212346,0.02570381946350822,0.1284798813489182,0.02193311362544643,0.21786846394266204
UC Berkeley,baseline_random,2,0.04337162018550763,,-0.00017152883862103503,0.0002490166500712685,0.0002490166500712685,0.0003138014915627543,0.0005399168223838374,,,1.0,,0.00024690453070419505,-0.15668942589923518,-0.15658727261703112,0.04337162018550763,0.20006104608474282,0.19995889280253876,0.00010215328220405939,0.0005106105571436315,0.0008112681635260077,0.0004946808120627503
UC Berkeley,baseline_oracle_kmeans,2,0.04337162018550763,,0.033056561494631626,0.04221851108335496,0.04221851108335496,0.27131993490690937,0.23406466823633365,,,1.0,,0.20807683689326717,-0.15668942589923518,-0.14675930332589626,0.04337162018550763,0.20006104608474282,0.1901309235114039,0.009930122573338918,0.0496354626134099,0.30826487462178126,0.12260919518031028
UC Berkeley,baseline_oracle_quantile,2,0.04337162018550763,,0.022689391718674155,0.028288195672777273,0.028288195672777273,0.638821626524904,0.21505595911599187,,,0.5181187544961934,,0.40101747537890664,-0.15668942589923518,-0.1498122870013518,0.04337162018550763,0.20006104608474282,0.19318390718685943,0.006877138897883384,0.034375202131904925,0.0029204421713130676,0.003425808651758599
UC Berkeley,1A_predicted_prob,3,0.04337162018550763,,0.08172589048816033,0.1083062831662702,0.1083062831662702,0.18453905152431388,0.15201066196157387,,,0.3127633585627474,,0.18222273458375426,-0.15668942589923518,-0.12609345608675332,0.04337162018550763,0.20006104608474282,0.16946507627226096,0.03059596981248186,0.15293316920637245,0.03918689486915416,0.23230603949125356
UC Berkeley,1B_residual,3,0.04337162018550763,,0.06657169524029383,0.0944561351441768,0.09445613514417682,0.08400090890764189,0.07163483910488544,,,0.028216627366411617,,0.09883887786390233,-0.15668942589923518,-0.056459169056766775,0.04337162018550763,0.20006104608474282,0.0998307892422744,0.10023025684246842,0.5009983642693361,0.020996912926021395,0.10990669548099305
UC Berkeley,1C_cv_decision,3,0.04337162018550763,,0.08172589048816033,0.1083062831662702,0.1083062831662702,0.18453905152431388,0.15201066196157387,,,0.3127633585627474,,0.18222273458375426,-0.15668942589923518,-0.12609345608675332,0.04337162018550763,0.20006104608474282,0.16946507627226096,0.03059596981248186,0.15293316920637245,0.03918689486915416,0.23230603949125356
UC Berkeley,1D_ml_uncertainty,3,0.04337162018550763,,0.015318516029455618,0.021135612252332733,0.021135612252332733,0.004251849152560182,0.010918600712315922,,,0.20381603498788758,,0.006042897899752986,-0.15668942589923518,-0.11832121545623987,0.04337162018550763,0.20006104608474282,0.1616928356417475,0.03836821044299532,0.19178251435685856,0.006979165789017202,0.021524787195370383
UC Berkeley,2A_PCA_cum60,3,0.04337162018550763,,0.03238827847195279,0.040570652646589336,0.04057065264658933,0.15672247535390346,0.12945955518638633,,,0.7128635948080241,,0.4239179010264533,-0.15668942589923518,-0.14495061205753662,0.04337162018550763,0.20006104608474282,0.18832223224304426,0.011738813841698559,0.058676159459479016,0.011499087890121041,0.2201571023151345
UC Berkeley,2B_clustering,3,0.04337162018550763,,0.05757884851291028,0.07182713237677543,0.07182713237677545,0.20245572656917057,0.18270417983911377,,,1.0,,0.2490893945734688,-0.15668942589923518,-0.13410593812006005,0.04337162018550763,0.20006104608474282,0.1774775583055677,0.022583487779175127,0.11288298357496895,0.10917851720098568,0.236478295747185
UC Berkeley,PS_propensity_score,3,0.04337162018550763,,0.08412479092202542,0.11138173372513833,0.11138173372513835,0.2665869461380518,0.15771180768266127,,,0.28416253144826986,,0.17722227146369707,-0.15668942589923518,-0.12597932993120448,0.04337162018550763,0.20006104608474282,0.1693509501167121,0.030710095968030704,0.15350362586338961,0.08525270507217139,0.12129577183776064
UC Berkeley,GMM,3,0.04337162018550763,,0.061428216179489216,0.07836285890402374,0.07836285890402374,0.2697432226345964,0.17201219149426702,,,0.825579757905717,,0.22418653901902852,-0.15668942589923518,-0.13759761443631985,0.04337162018550763,0.20006104608474282,0.18096923462182748,0.01909181146291533,0.09542992919685289,0.043953600831829746,0.20233975101637489
UC Berkeley,Prognostic_score,3,0.04337162018550763,,0.0795302512759841,0.10442793087638487,0.10442793087638487,0.23149196600322142,0.17005208423185392,,,1.0,,0.2626443438497579,-0.15668942589923518,-0.12785256676621753,0.04337162018550763,0.20006104608474282,0.17122418695172517,0.028836859133017645,0.14414029966034858,0.025813719148150775,0.25285056754418955
UC Berkeley,baseline_random,3,0.04337162018550763,,-0.00026660113438765215,0.00044392150698754614,0.00044392150698754614,0.0008107179318594909,0.0007858033579174763,,,1.0,,0.0013046169680944741,-0.15668942589923518,-0.15666969839602074,0.04337162018550763,0.20006104608474282,0.20004131858152838,1.97275032144395e-05,9.86074180882035e-05,0.0011528366330996727,0.00039385550879326504
UC Berkeley,baseline_oracle_kmeans,3,0.04337162018550763,,0.02837559314037352,0.03579167227458283,0.035791672274582825,0.322521611095527,0.3775167769591255,,,0.3100493891710585,,0.34392444180047166,-0.15668942589923518,-0.1474765859388813,0.04337162018550763,0.20006104608474282,0.19084820612438894,0.00921283996035388,0.046050143896835705,0.42789028955714836,0.38213843022470123
UC Berkeley,baseline_oracle_quantile,3,0.04337162018550763,,0.021503613924393754,0.027207546827299204,0.027207546827299204,0.7963026823648505,0.26818179452568097,,,0.353167793801457,,0.4964893041419671,-0.15668942589923518,-0.14999706772218444,0.04337162018550763,0.20006104608474282,0.19336868790769207,0.0066923581770507445,0.033451580445180484,0.003909024214422704,0.004333676997769779
UC Berkeley,1A_predicted_prob,4,0.04337162018550763,,0.07761393333474642,0.10627569350475202,0.10627569350475202,0.1983075722773827,0.164856973833032,,,0.8217639768990446,,0.19422283599283308,-0.15668942589923518,-0.1233488712707506,0.04337162018550763,0.20006104608474282,0.16672049145625822,0.03334055462848459,0.1666519059105691,0.047451298624571155,0.24881205059714212
UC Berkeley,1B_residual,4,0.04337162018550763,,0.07077935531086023,0.1025822694749746,0.1025822694749746,0.11840475572648672,0.09569554092832488,,,0.047990188634246644,,0.13280862103940616,-0.15668942589923518,-0.061960954173987504,0.04337162018550763,0.20006104608474282,0.10533257435949514,0.09472847172524768,0.4734978326821411,0.02361090341445975,0.1450709636440282
UC Berkeley,1C_cv_decision,4,0.04337162018550763,,0.07761393333474642,0.10627569350475202,0.10627569350475202,0.1983075722773827,0.164856973833032,,,0.8217639768990446,,0.19422283599283308,-0.15668942589923518,-0.1233488712707506,0.04337162018550763,0.20006104608474282,0.16672049145625822,0.03334055462848459,0.1666519059105691,0.047451298624571155,0.24881205059714212
UC Berkeley,1D_ml_uncertainty,4,0.04337162018550763,,0.014053389667719853,0.020025264053619637,0.020025264053619637,0.005117103033318164,0.011520716414479088,,,0.1862020858303205,,0.007005657728357817,-0.15668942589923518,-0.11922909385731331,0.04337162018550763,0.20006104608474282,0.16260071404282095,0.03746033204192187,0.18724450748925026,0.00720071413968389,0.022244332070435212
UC Berkeley,2A_PCA_cum60,4,0.04337162018550763,,0.03161969385594428,0.042851334338619554,0.04285133433861956,0.17558020724050385,0.14008670222564285,,,1.0,,0.464223423836999,-0.15668942589923518,-0.14130984967554402,0.04337162018550763,0.20006104608474282,0.18468146986105166,0.015379576223691155,0.07687441670767137,0.012179460194705628,0.23250043924171906
UC Berkeley,2B_clustering,4,0.04337162018550763,,0.043692232510485554,0.05979479148778497,0.059794791487784965,0.20757951227631785,0.19505733205761921,,,1.0,,0.1969317668969699,-0.15668942589923518,-0.1385732540903091,0.04337162018550763,0.20006104608474282,0.18194487427581674,0.01811617180892608,0.09055321944708994,0.18656258556207664,0.19102989833446316
UC Berkeley,PS_propensity_score,4,0.04337162018550763,,0.07847531233962203,0.10689678524412542,0.10689678524412544,0.301286954018558,0.17653724579133723,,,0.5734409815222867,,0.19956165612019172,-0.15668942589923518,-0.12076938710044105,0.04337162018550763,0.20006104608474282,0.1641410072859487,0.03592003879879413,0.17954539127811486,0.09787784852206612,0.13044693483338762
UC Berkeley,GMM,4,0.04337162018550763,,0.057072526470774966,0.07190747737994282,0.07190747737994282,0.30315747038506724,0.26545389743370346,,,1.0,,0.23137496480500486,-0.15668942589923518,-0.13380310355159514,0.04337162018550763,0.20006104608474282,0.17717472373710277,0.022886322347640042,0.11439669438670108,0.2994753030673557,0.1937289188486874
UC Berkeley,Prognostic_score,4,0.04337162018550763,,0.07687456784641768,0.10364355457809385,0.10364355457809386,0.2479975618786687,0.1891138877714836,,,1.0,,0.28422686131241215,-0.15668942589923518,-0.12564565053864205,0.04337162018550763,0.20006104608474282,0.16901727072414968,0.031043775360593134,0.15517151373607962,0.03326858609333262,0.2860755153424494
UC Berkeley,baseline_random,4,0.04337162018550763,,-0.00023751634090476387,0.0007895399986145916,0.0007895399986145918,0.0011442346509550855,0.0011001409942607713,,,0.4769329726761842,,0.0016211580359432043,-0.15668942589923518,-0.15610173120718535,0.04337162018550763,0.20006104608474282,0.19947335139269298,0.0005876946920498338,0.0029375768224310095,0.0015702216775378395,0.0005859666542893886
UC Berkeley,baseline_oracle_kmeans,4,0.04337162018550763,,0.022504623606939975,0.030953653212211073,0.030953653212211076,0.4769601959047106,0.4791176343028027,,,0.7889413552377041,,0.3761531904371267,-0.15668942589923518,-0.1480622155123096,0.04337162018550763,0.20006104608474282,0.19143383569781725,0.008627210386925571,0.04312288951678889,0.4774107279298875,0.48298197907380985
UC Berkeley,baseline_oracle_quantile,4,0.04337162018550763,,0.02005451217807947,0.026882933728329,0.026882933728329,0.8636072564976687,0.29023978171370984,,,0.9345984560001361,,0.5320387107872402,-0.15668942589923518,-0.1495010949899848,0.04337162018550763,0.20006104608474282,0.19287271517549243,0.00718833090925039,0.03593068740731031,0.0032840284676464914,0.003828060175814276
UC Berkeley,1A_predicted_prob,6,0.04337162018550763,,0.06762247680302125,0.10165125417983321,0.1016512541798332,0.21067113785857056,0.17552243862899153,,,0.6114572909234227,,0.20567379468869795,-0.15668942589923518,-0.12158671679246649,0.04337162018550763,0.20006104608474282,0.16495833697797413,0.03510270910676869,0.17545998980680988,0.05311176235591161,0.2627844156724925
UC Berkeley,1B_residual,6,0.04337162018550763,,0.06502856041963992,0.10374596874665787,0.10374596874665788,0.14293129303212052,0.11771700828368148,,,0.08048897925769727,,0.16049498641584636,-0.15668942589923518,-0.05524020136816687,0.04337162018550763,0.20006104608474282,0.0986118215536745,0.10144922453106832,0.5070913429498712,0.03303101623952222,0.17718871557940166
UC Berkeley,1C_cv_decision,6,0.04337162018550763,,0.06762247680302125,0.10165125417983321,0.1016512541798332,0.21067113785857056,0.17552243862899153,,,0.6114572909234227,,0.20567379468869795,-0.15668942589923518,-0.12158671679246649,0.04337162018550763,0.20006104608474282,0.16495833697797413,0.03510270910676869,0.17545998980680988,0.05311176235591161,0.2627844156724925
UC Berkeley,1D_ml_uncertainty,6,0.04337162018550763,,0.011620097263993904,0.019245304382816603,0.0192453043828166,0.005955272102909034,0.012843919121510153,,,0.3438896459803754,,0.0094362090287462,-0.15668942589923518,-0.11825932938872773,0.04337162018550763,0.20006104608474282,0.16163094957423535,0.03843009651050747,0.19209185027568565,0.007530802370429438,0.02504568289119199
UC Berkeley,2A_PCA_cum60,6,0.04337162018550763,,0.026636859978170023,0.040253610327601844,0.040253610327601844,0.1814090706209465,0.14888710580018302,,,1.0,,0.4870313091485948,-0.15668942589923518,-0.14099347893621503,0.04337162018550763,0.20006104608474282,0.18436509912172266,0.015695946963020152,0.07845578772177164,0.014537611766984936,0.25071463501261765
UC Berkeley,2B_clustering,6,0.04337162018550763,,0.037812339744782424,0.058042489762751094,0.058042489762751094,0.31451353324178205,0.35633441888976275,,,0.7950936929736294,,0.2625299297965914,-0.15668942589923518,-0.1393376586940463,0.04337162018550763,0.20006104608474282,0.18270927887955393,0.017351767205188884,0.08673236267013684,0.3886572290374141,0.36583249439009197
UC Berkeley,PS_propensity_score,6,0.04337162018550763,,0.06717277773153052,0.10090987451848853,0.10090987451848853,0.3180692221270219,0.18672948228672648,,,0.5348980997194268,,0.20798618538955016,-0.15668942589923518,-0.1215078091689916,0.04337162018550763,0.20006104608474282,0.16487942935449923,0.03518161673024359,0.17585440753589376,0.10430129166601626,0.1378179330671413
UC Berkeley,GMM,6,0.04337162018550763,,0.04285990521050346,0.060596948953126714,0.06059694895312671,0.31160282599985595,0.33439221823641957,,,0.9138224978990007,,0.2554080109867892,-0.15668942589923518,-0.1357090458044558,0.04337162018550763,0.20006104608474282,0.17908066598996344,0.02098038009477937,0.10486989099263433,0.36864028384453323,0.3229335448648694
UC Berkeley,Prognostic_score,6,0.04337162018550763,,0.06659345525618014,0.09889379508036591,0.0988937950803659,0.2648362990326166,0.20026724159046175,,,1.0,,0.303548674263204,-0.15668942589923518,-0.12439382447541812,0.04337162018550763,0.20006104608474282,0.16776544466092574,0.03229560142381707,0.16142873415815862,0.03821193778288832,0.29775348795588036
UC Berkeley,baseline_random,6,0.04337162018550763,,-0.0002794296548225527,0.0011110526195565915,0.0011110526195565918,0.0015876296763429872,0.0018474606797619683,,,0.5512939266257053,,0.0015459993854821663,-0.15668942589923518,-0.1551168981790311,0.04337162018550763,0.20006104608474282,0.19848851836453874,0.001572527720204081,0.007860239416812687,0.002358787078935107,0.0015959652840078105
UC Berkeley,baseline_oracle_kmeans,6,0.04337162018550763,,0.021408276424854513,0.031545070996001436,0.031545070996001436,0.6022038754913701,0.5960436565402718,,,1.0,,0.4429015574434444,-0.15668942589923518,-0.14513852997885318,0.04337162018550763,0.20006104608474282,0.18851015016436082,0.011550895920381998,0.05773685655671923,0.5943085637256641,0.5916185304037814
UC Berkeley,baseline_oracle_quantile,6,0.04337162018550763,,0.01644802594294516,0.025191263945324775,0.025191263945324775,0.9211785912119506,0.30992150596390583,,,0.7762902199143161,,0.5688261385813246,-0.15668942589923518,-0.14860647527602142,0.04337162018550763,0.20006104608474282,0.19197809546152905,0.008082950623213764,0.04040242106796721,0.0040635786339883505,0.0045223480457785865
Israel Vaccine,1A_predicted_prob,2,-0.041572558588952035,,0.1815815813963081,0.29217724974743303,0.29217724974743303,0.595054033117362,0.381222215393203,,,0.0787047775816282,,0.3347570224374251,-0.021101449275362318,-0.025070807173903514,-0.041572558588952035,0.020471109313589718,0.016501751415048522,0.003969357898541196,0.1939004788522204,0.16739039766904398,
Israel Vaccine,1B_residual,2,-0.041572558588952035,,0.1815815813963081,0.29217724974743303,0.29217724974743303,0.5862598868502883,0.377152094787346,,,1.0,,0.332015697365487,-0.021101449275362318,-0.025733036942944848,-0.041572558588952035,0.020471109313589718,0.015839521646007187,0.00463158766758253,0.22624996020649735,0.1680443027244037,
Israel Vaccine,1C_cv_decision,2,-0.041572558588952035,,0.1815815813963081,0.29217724974743303,0.29217724974743303,0.595054033117362,0.381222215393203,,,0.0787047775816282,,0.3347570224374251,-0.021101449275362318,-0.025070807173903514,-0.041572558588952035,0.020471109313589718,0.016501751415048522,0.003969357898541196,0.1939004788522204,0.16739039766904398,
Israel Vaccine,1D_ml_uncertainty,2,-0.041572558588952035,,0.17603407526823578,0.2748128063521459,0.27481280635214583,0.27090913818515255,0.20892243737231528,,,1.0,,0.1721860933450563,-0.021101449275362318,-0.023207027858598864,-0.041572558588952035,0.020471109313589718,0.018365530730353172,0.002105578583236546,0.10285610569422154,0.146935736559478,
Israel Vaccine,2A_PCA_cum60,2,-0.041572558588952035,,0.1727468553579269,0.2664515215977001,0.2664515215977001,0.2652400902475319,0.23106655586152286,,,0.07073931315451853,,0.16923738684887812,-0.021101449275362318,-0.025938516816685124,-0.041572558588952035,0.020471109313589718,0.01563404177226691,0.0048370675413228065,0.23628751462490238,0.19689302147551382,
Israel Vaccine,2B_clustering,2,-0.041572558588952035,,0.745984721120199,0.6319348453376601,0.63193484533766,0.5288394639620548,0.43195502628247506,,,0.04754134477591587,,0.2894245286070867,-0.021101449275362318,-0.03207086424311567,-0.041572558588952035,0.020471109313589718,0.009501694345836365,0.010969414967753353,0.5358485854243045,0.3350705886028953,
Israel Vaccine,PS_propensity_score,2,-0.041572558588952035,,0.04587367005197409,0.05872876287132171,0.05872876287132171,0.14245451323092415,0.08730591430367574,0.4633287747783301,0.5366712252216699,1.0,,0.19897889850737616,-0.021101449275362318,-0.028920600063096706,-0.041572558588952035,0.020471109313589718,0.01265195852585533,0.007819150787734389,0.3819602869563916,0.03215731537642732,
Israel Vaccine,GMM,2,-0.041572558588952035,,0.04887713477823706,0.006771837121578368,0.006771837121578368,0.0037853639340125296,0.003119976803832121,0.4942266431204108,0.5057733568795892,0.29297449439759016,,0.060351435469682024,-0.021101449275362318,-0.020981532649544405,-0.041572558588952035,0.020471109313589718,0.02059102593940763,-0.00011991662581791254,-0.005857846977462389,0.0024545896736517126,
Israel Vaccine,Prognostic_score,2,-0.041572558588952035,,0.1815815813963081,0.29217724974743303,0.29217724974743303,0.60004055533397,0.3650903293927243,,,0.08091799320194659,,0.3817618879262151,-0.021101449275362318,-0.028315955966991165,-0.041572558588952035,0.020471109313589718,0.013256602621960871,0.007214506691628847,0.3524238272148499,0.13014010345147853,
Israel Vaccine,baseline_random,2,-0.041572558588952035,,0.00026794104624413553,0.0002880468077325101,0.0002880468077325101,0.00013912888715472688,0.0002150304055996973,0.49613643953983966,0.5038635604601603,0.5970099638902259,,0.00018672206594960716,-0.021101449275362318,-0.020919520199995864,-0.041572558588952035,0.020471109313589718,0.02065303838895617,-0.00018192907536645347,-0.00888711366734185,0.00029093192404466774,
Israel Vaccine,baseline_oracle_kmeans,2,-0.041572558588952035,,0.5880621672347627,0.5130097630446787,0.5130097630446787,0.5629925953587428,0.48540827250333807,,,0.046550561915432165,,0.3202354792840255,-0.021101449275362318,-0.03087275438060092,-0.041572558588952035,0.020471109313589718,0.010699804208351114,0.009771305105238604,0.4773217198714256,0.40782394964793334,
Israel Vaccine,baseline_oracle_quantile,2,-0.041572558588952035,,0.18102296043038826,0.28981546791565854,0.28981546791565854,0.6585447092484983,0.3718708711943306,0.3914432578662948,0.6085567421337053,0.07505319052916426,,0.3301445502908529,-0.021101449275362318,-0.0269234488536337,-0.041572558588952035,0.020471109313589718,0.014649109735318334,0.0058219995782713835,0.2844007859606542,0.08519703314016287,
Israel Vaccine,1A_predicted_prob,3,-0.041572558588952035,,0.21674799172142326,0.36643396277600176,0.36643396277600176,0.7666399207497879,0.5052934757468035,,,0.10595755739873558,,0.4353182323706031,-0.021101449275362318,-0.03128185290335067,-0.041572558588952035,0.020471109313589718,0.010290705685601365,0.010180403627988353,0.4973059091248224,0.24394703074381896,
Israel Vaccine,1B_residual,3,-0.041572558588952035,,0.21574721367855418,0.36367445592915365,0.3636744559291537,0.7505104555665973,0.4967220618986179,,,1.0,,0.4245767434223183,-0.021101449275362318,-0.03363900699012171,-0.041572558588952035,0.020471109313589718,0.007933551598830323,0.012537557714759395,0.6124513099266367,0.2429336682306384,
Israel Vaccine,1C_cv_decision,3,-0.041572558588952035,,0.21674799172142326,0.36643396277600176,0.36643396277600176,0.7666399207497879,0.5052934757468035,,,0.10595755739873558,,0.4353182323706031,-0.021101449275362318,-0.03128185290335067,-0.041572558588952035,0.020471109313589718,0.010290705685601365,0.010180403627988353,0.4973059091248224,0.24394703074381896,
Israel Vaccine,1D_ml_uncertainty,3,-0.041572558588952035,,0.14796137979713606,0.24241671551924723,0.2424167155192472,0.32955238144239046,0.25031903512166337,,,1.0,,0.2046730782324917,-0.021101449275362318,-0.029818540916759548,-0.041572558588952035,0.020471109313589718,0.011754017672192488,0.00871709164139723,0.4258240971636257,0.17108568880093625,
Israel Vaccine,2A_PCA_cum60,3,-0.041572558588952035,,0.16395445284498533,0.26790358043562607,0.26790358043562607,0.3581399759200276,0.3125539363725398,,,0.14160096340180117,,0.2162500881619106,-0.021101449275362318,-0.028423904484599336,-0.041572558588952035,0.020471109313589718,0.0131486541043527,0.007322455209237019,0.3576970401098888,0.26696789682505206,
Israel Vaccine,2B_clustering,3,-0.041572558588952035,,0.4948475698626034,0.39619316730080617,0.3961931673008061,0.41748458413887085,0.35678187325359356,,,0.07959062736330269,,0.39751739376143813,-0.021101449275362318,-0.027820495119949523,-0.041572558588952035,0.020471109313589718,0.013752063469002512,0.006719045844587206,0.3282208961742379,0.2960791623683163,
Israel Vaccine,PS_propensity_score,3,-0.041572558588952035,,0.03463254571901775,0.05428963154664307,0.054289631546643076,0.18206836559706394,0.11111896698571028,0.4560591226879757,0.5439408773120242,1.0,,0.2590228705023474,-0.021101449275362318,-0.03195438468576704,-0.041572558588952035,0.020471109313589718,0.009618173903184993,0.010852935410404725,0.5301586369430414,0.04016956837435662,
Israel Vaccine,GMM,3,-0.041572558588952035,,0.2450163509469085,0.219896924832485,0.21989692483248502,0.20930646708061706,0.1699480212631379,,,0.12762320362468405,,0.2700709159517879,-0.021101449275362318,-0.026103495683133207,-0.041572558588952035,0.020471109313589718,0.015469062905818828,0.0050020464077708895,0.24434662192196333,0.13058957544565877,
Israel Vaccine,Prognostic_score,3,-0.041572558588952035,,0.21054091442773912,0.3514942003296061,0.3514942003296061,0.7638580333924947,0.4821097571899304,,,0.15124481191202488,,0.4973826963935406,-0.021101449275362318,-0.033762057563427754,-0.041572558588952035,0.020471109313589718,0.0078105010255242815,0.012660608288065436,0.6184622481430798,0.20036148098736606,
Israel Vaccine,baseline_random,3,-0.041572558588952035,,-3.0758751359731864e-05,8.76051742304646e-05,8.760517423046458e-05,6.839842798550875e-05,0.00016163490304706442,0.49617340307902935,0.5038265969209706,0.22965019434572154,,0.0003798272620092469,-0.021101449275362318,-0.02033146421104915,-0.041572558588952035,0.020471109313589718,0.021241094377902885,-0.0007699850643131667,-0.03761325546740224,0.0002548713781086201,
Israel Vaccine,baseline_oracle_kmeans,3,-0.041572558588952035,,0.3189646943671111,0.4370380527182585,0.43703805271825846,0.62687563565002,0.634946900086343,,,0.09629200736459709,,0.34566417379644554,-0.021101449275362318,-0.034309124925955184,-0.041572558588952035,0.020471109313589718,0.0072634336629968516,0.013207675650592866,0.6451861229535308,0.6430181645226661,
Israel Vaccine,baseline_oracle_quantile,3,-0.041572558588952035,,0.20808782238434037,0.3461342144979675,0.3461342144979675,0.8337024824661938,0.4959012737453489,,,0.14235282255678738,,0.42762963799868914,-0.021101449275362318,-0.033248131118053546,-0.041572558588952035,0.020471109313589718,0.00832442747089849,0.012146681842691229,0.5933572849727138,0.158100065024504,
Smoking Mortality,1A_predicted_prob,2,0.0441607696084307,,0.2864370860214393,0.46706255244019323,0.4670625524401932,0.7372656558820252,0.7372656558820252,,,0.09643888174558157,,0.0006825275604545045,-0.07537603515294913,-0.049261629212388844,0.0441607696084307,0.11953680476137983,0.09342239882081954,0.02611440594056029,0.21846330920999635,,
Smoking Mortality,1B_residual,2,0.0441607696084307,,0.2558871337203563,0.3853293338539167,0.38532933385391677,0.43087513698929236,0.43087513698929236,,,0.09635428961766868,,0.00373444389634936,-0.07537603515294913,-0.08272009855201705,0.0441607696084307,0.11953680476137983,0.12688086816044775,-0.0073440633990679155,-0.0614376753145458,,
Smoking Mortality,1C_cv_decision,2,0.0441607696084307,,0.2864370860214393,0.46706255244019323,0.4670625524401932,0.7372656558820252,0.7372656558820252,,,0.09643888174558157,,0.0006825275604545045,-0.07537603515294913,-0.049261629212388844,0.0441607696084307,0.11953680476137983,0.09342239882081954,0.02611440594056029,0.21846330920999635,,
Smoking Mortality,1D_ml_uncertainty,2,0.0441607696084307,,0.15144665897442156,0.21176151269036292,0.21176151269036295,0.27012951131781227,0.27012951131781227,,,0.07868764305959386,,0.003750063681997151,-0.07537603515294913,-0.08274421147586666,0.0441607696084307,0.11953680476137983,0.12690498108429737,-0.007368176322917544,-0.06163939497651749,,
Smoking Mortality,2A_PCA_cum60,2,0.0441607696084307,,0.1895215957299247,0.30163766030550154,0.3016376603055015,0.5910419968767697,0.5910419968767697,,,0.0701234282739911,,0.00039047704978312225,-0.07537603515294913,-0.06215959572496374,0.0441607696084307,0.11953680476137983,0.10632036533339444,0.013216439427985394,0.11056376698681325,,
Smoking Mortality,2B_clustering,2,0.0441607696084307,,0.2251623334134506,0.36222059788038985,0.36222059788038985,0.6612360106012908,0.6612360106012908,,,0.08066164577498247,,0.0051734076260655515,-0.07537603515294913,-0.051350844499081616,0.0441607696084307,0.11953680476137983,0.09551161410751231,0.024025190653867518,0.20098571901622064,,
Smoking Mortality,PS_propensity_score,2,0.0441607696084307,,0.043090594290428476,0.06837650805461071,0.06837650805461071,0.16318033260610518,0.16318033260610518,,,0.10722568019923628,,0.1162254320254974,-0.07537603515294913,-0.035677407892106064,0.0441607696084307,0.11953680476137983,0.07983817750053676,0.03969862726084307,0.3321038013362473,,
Smoking Mortality,GMM,2,0.0441607696084307,,-0.001103027976557277,0.0021781537052309023,0.0021781537052309023,0.0021423763998427705,0.0021423763998427705,,,0.20510729667438066,,0.17975392216402253,-0.07537603515294913,-0.07276340267207848,0.0441607696084307,0.11953680476137983,0.11692417228050918,0.0026126324808706525,0.021856301798312328,,
Smoking Mortality,Prognostic_score,2,0.0441607696084307,,0.26795401692994125,0.436134158311529,0.4361341583115291,0.7240938263663187,0.7240938263663187,,,0.09106858914068305,,0.005451547030826287,-0.07537603515294913,-0.043197437453204326,0.0441607696084307,0.11953680476137983,0.08735820706163502,0.03217859769974481,0.26919405921866435,,
Smoking Mortality,baseline_random,2,0.0441607696084307,,0.00022062880166644357,0.001969821538326508,0.001969821538326508,0.0013739126098943994,0.0013739126098943994,,,1.0,,2.6463332891690783e-07,-0.07537603515294913,-0.07538445516871482,0.0441607696084307,0.11953680476137983,0.11954522477714552,-8.420015765689404e-06,-7.043868859057945e-05,,
Smoking Mortality,baseline_oracle_kmeans,2,0.0441607696084307,,0.27992086371439057,0.4639454092839843,0.4639454092839843,0.7418362399932384,0.7418362399932384,,,0.076352060240376,,2.7482853413474118e-05,-0.07537603515294913,-0.04511432665895773,0.0441607696084307,0.11953680476137983,0.08927509626738843,0.0302617084939914,0.2531580842770561,,
Smoking Mortality,baseline_oracle_quantile,2,0.0441607696084307,,0.293191942597047,0.4806782446093495,0.48067824460934955,0.7410367988700687,0.7410367988700687,,,0.0774119848989383,,8.929476061891872e-05,-0.07537603515294913,-0.05473317343842782,0.0441607696084307,0.11953680476137983,0.09889394304685852,0.020642861714521316,0.1726904258126084,,
Smoking Mortality,1A_predicted_prob,3,0.0441607696084307,,0.44894753832310913,0.6110294846140009,0.6110294846140009,0.8633881013121003,0.8633881013121003,,,0.23182233185461343,,0.09444515599769532,-0.07537603515294913,-0.010374981398619289,0.0441607696084307,0.11953680476137983,0.054535751007049986,0.06500105375432985,0.5437743955435765,,
Smoking Mortality,1B_residual,3,0.0441607696084307,,0.35811853944029653,0.46902498779565316,0.46902498779565316,0.576913251843398,0.576913251843398,,,0.045818115119465985,,0.007207559414448617,-0.07537603515294913,-0.08579775224681668,0.0441607696084307,0.11953680476137983,0.12995852185524737,-0.010421717093867536,-0.08718416988534572,,
Smoking Mortality,1C_cv_decision,3,0.0441607696084307,,0.44894753832310913,0.6110294846140009,0.6110294846140009,0.8633881013121003,0.8633881013121003,,,0.23182233185461343,,0.09444515599769532,-0.07537603515294913,-0.010374981398619289,0.0441607696084307,0.11953680476137983,0.054535751007049986,0.06500105375432985,0.5437743955435765,,
Smoking Mortality,1D_ml_uncertainty,3,0.0441607696084307,,0.17382033823221654,0.224922884289952,0.22492288428995202,0.32261164345172916,0.32261164345172916,,,0.05864323421131867,,0.004203312013297933,-0.07537603515294913,-0.08266444294600525,0.0441607696084307,0.11953680476137983,0.12682521255443596,-0.007288407793056131,-0.06097208142383681,,
Smoking Mortality,2A_PCA_cum60,3,0.0441607696084307,,0.22245408573470687,0.3408593416610364,0.3408593416610364,0.6806039237876481,0.6806039237876481,,,0.4103650611747012,,0.016169559504957354,-0.07537603515294913,-0.052828562845847034,0.0441607696084307,0.11953680476137983,0.09698933245427774,0.022547472307102093,0.18862368248935135,,
Smoking Mortality,2B_clustering,3,0.0441607696084307,,0.2090420739471961,0.30676682056412813,0.30676682056412813,0.6309797942642135,0.6309797942642135,,,0.12118283742022484,,0.21371130670018212,-0.07537603515294913,-0.04894943285048075,0.0441607696084307,0.11953680476137983,0.09311020245891144,0.02642660230246839,0.2210750266850562,,
Smoking Mortality,PS_propensity_score,3,0.0441607696084307,,0.051878941965022365,0.08332638213886927,0.08332638213886927,0.22183318330618446,0.22183318330618446,,,0.12455487140851063,,0.15693542749919165,-0.07537603515294913,-0.02152217685357048,0.0441607696084307,0.11953680476137983,0.06568294646200118,0.05385385829937865,0.4505211462434694,,
Smoking Mortality,GMM,3,0.0441607696084307,,0.19229512505305763,0.2848478632698961,0.28484786326989614,0.5438046203184157,0.5438046203184157,,,0.2572611424018407,,0.23110509558995151,-0.07537603515294913,-0.06490431038295853,0.0441607696084307,0.11953680476137983,0.10906507999138923,0.0104717247699906,0.08760251531646945,,
Smoking Mortality,Prognostic_score,3,0.0441607696084307,,0.40605623330795787,0.5572565246358959,0.557256524635896,0.8461615561239731,0.8461615561239731,,,0.28928652860279314,,0.15104570189923094,-0.07537603515294913,-0.008457186314672394,0.0441607696084307,0.11953680476137983,0.05261795592310309,0.06691884883827674,0.5598179487218233,,
Smoking Mortality,baseline_random,3,0.0441607696084307,,-7.157952362457981e-05,0.0032901547980423744,0.0032901547980423752,0.0006984189488196872,0.0006984189488196872,,,0.2201579599408462,,0.00013611914093381028,-0.07537603515294913,-0.07560791516392998,0.0441607696084307,0.11953680476137983,0.11976868477236068,-0.00023188001098084499,-0.0019398210571524022,,
Smoking Mortality,baseline_oracle_kmeans,3,0.0441607696084307,,0.48655305191145365,0.6441151302571182,0.6441151302571182,0.8691944226203654,0.8691944226203654,,,0.16663978988068207,,0.053059351303647584,-0.07537603515294913,-0.018558477690500987,0.0441607696084307,0.11953680476137983,0.06271924729893169,0.05681755746244814,0.47531434001325135,,
Smoking Mortality,baseline_oracle_quantile,3,0.0441607696084307,,0.45107170200181135,0.6140634054804047,0.6140634054804047,0.8686340429896262,0.8686340429896262,,,0.15288266083579394,,0.05532283753037237,-0.07537603515294913,-0.014706168782026866,0.0441607696084307,0.11953680476137983,0.05886693839045756,0.06066986637092227,0.507541309072397,,
Smoking Mortality,1A_predicted_prob,4,0.0441607696084307,,0.48165906813228926,0.6440538713067244,0.6440538713067244,0.9140587512651044,0.9140587512651044,,,0.3523668462559073,,0.1459661664368086,-0.07537603515294913,0.011393468802964015,0.0441607696084307,0.11953680476137983,0.03276730080546668,0.08676950395591315,0.725881071768005,,
Smoking Mortality,1B_residual,4,0.0441607696084307,,0.42182358806116943,0.5220909681671883,0.5220909681671883,0.5923870175347327,0.5923870175347327,,,0.03614458058354186,,0.008876290442313861,-0.07537603515294913,-0.08805484759718771,0.0441607696084307,0.11953680476137983,0.13221561720561842,-0.012678812444238588,-0.10606618162120118,,
Smoking Mortality,1C_cv_decision,4,0.0441607696084307,,0.48165906813228926,0.6440538713067244,0.6440538713067244,0.9140587512651044,0.9140587512651044,,,0.3523668462559073,,0.1459661664368086,-0.07537603515294913,0.011393468802964015,0.0441607696084307,0.11953680476137983,0.03276730080546668,0.08676950395591315,0.725881071768005,,
Smoking Mortality,1D_ml_uncertainty,4,0.0441607696084307,,0.1662376956337488,0.219143987576943,0.21914398757694298,0.3251097162381105,0.3251097162381105,,,0.07805610659014517,,0.005818997960973071,-0.07537603515294913,-0.09269731091504044,0.0441607696084307,0.11953680476137983,0.13685808052347115,-0.017321275762091318,-0.14490328561707977,,
Smoking Mortality,2A_PCA_cum60,4,0.0441607696084307,,0.2125154361846995,0.3347649810606535,0.33476498106065344,0.7088277453006636,0.7088277453006636,,,0.2176222735797988,,0.023558463174366717,-0.07537603515294913,-0.04066698896036948,0.0441607696084307,0.11953680476137983,0.08482775856880018,0.034709046192579654,0.2903628406486696,,
Smoking Mortality,2B_clustering,4,0.0441607696084307,,0.22696717223177534,0.32917642492298677,0.3291764249229868,0.6851541375461636,0.6851541375461636,,,0.506564440929508,,0.2115226240294108,-0.07537603515294913,-0.02304122933465814,0.0441607696084307,0.11953680476137983,0.06720199894308884,0.05233480581829099,0.43781332387762983,,
Smoking Mortality,PS_propensity_score,4,0.0441607696084307,,0.04810674843493079,0.08097986834119612,0.08097986834119611,0.2287182048171864,0.2287182048171864,,,0.2630678810183359,,0.1770100742991998,-0.07537603515294913,-0.018105893144438136,0.0441607696084307,0.11953680476137983,0.06226666275286884,0.057270142008510994,0.4791004922946873,,
Smoking Mortality,GMM,4,0.0441607696084307,,0.1416351897958331,0.22055694021359626,0.22055694021359626,0.4810593269407195,0.4810593269407195,,,0.3418560627121253,,0.2667671308460767,-0.07537603515294913,-0.03792583800279246,0.0441607696084307,0.11953680476137983,0.08208660761122316,0.03745019715015667,0.31329427974016044,,
Smoking Mortality,Prognostic_score,4,0.0441607696084307,,0.4196928852216408,0.581761353065317,0.5817613530653168,0.8925921703545777,0.8925921703545777,,,0.27695167788538066,,0.2066641832831806,-0.07537603515294913,0.016998107043247463,0.0441607696084307,0.11953680476137983,0.027162662565183234,0.09237414219619659,0.7727673696866373,,
Smoking Mortality,baseline_random,4,0.0441607696084307,,-0.00021216056238364096,0.0037173547971663763,0.0037173547971663763,0.0015993987187608873,0.0015993987187608873,,,0.2834087707990198,,0.0007326574178641021,-0.07537603515294913,-0.07588706209213199,0.0441607696084307,0.11953680476137983,0.12004783170056268,-0.0005110269391828542,-0.004275059386127822,,
Smoking Mortality,baseline_oracle_kmeans,4,0.0441607696084307,,0.5866910557209718,0.7115093339844145,0.7115093339844145,0.9275109981803317,0.9275109981803317,,,0.7780053950467626,,0.09662264292510958,-0.07537603515294913,0.03421182512077892,0.0441607696084307,0.11953680476137983,0.009948944487651774,0.10958786027372805,0.9167708681229022,,
Smoking Mortality,baseline_oracle_quantile,4,0.0441607696084307,,0.49347989807700104,0.6578707237345653,0.6578707237345652,0.9200305184366776,0.9200305184366776,,,0.44970549064843046,,0.0952518044533105,-0.07537603515294913,0.011896151208936966,0.0441607696084307,0.11953680476137983,0.03226461839949373,0.0872721863618861,0.7300863239242459,,
Smoking Mortality,1A_predicted_prob,7,0.0441607696084307,,0.49750529796562193,0.677634767762718,0.6776347677627181,0.9627938577209547,0.9627938577209547,,,1.0,,0.1609945201349584,-0.07537603515294913,0.03848676094487382,0.0441607696084307,0.11953680476137983,0.005674008663556877,0.11386279609782296,0.9525333751819502,,
Smoking Mortality,1B_residual,7,0.0441607696084307,,0.3842389559924197,0.5224085514245965,0.5224085514245965,0.6422028873040159,0.6422028873040159,,,0.06742909597834601,,0.015513785308898909,-0.07537603515294913,-0.08656969875558876,0.0441607696084307,0.11953680476137983,0.13073046836401947,-0.011193663602639639,-0.09364198436610804,,
Smoking Mortality,1C_cv_decision,7,0.0441607696084307,,0.49750529796562193,0.677634767762718,0.6776347677627181,0.9627938577209547,0.9627938577209547,,,1.0,,0.1609945201349584,-0.07537603515294913,0.03848676094487382,0.0441607696084307,0.11953680476137983,0.005674008663556877,0.11386279609782296,0.9525333751819502,,
Smoking Mortality,1D_ml_uncertainty,7,0.0441607696084307,,0.13090402694213085,0.2082878353570885,0.2082878353570885,0.36070688542323204,0.36070688542323204,,,0.13080761220308545,,0.007873662744443344,-0.07537603515294913,-0.09762466785001246,0.0441607696084307,0.11953680476137983,0.14178543745844316,-0.022248632697063328,-0.18612370258244892,,
Smoking Mortality,2A_PCA_cum60,7,0.0441607696084307,,0.17090427889743962,0.3097593502384607,0.3097593502384607,0.7348955651046082,0.7348955651046082,,,0.5052739668832308,,0.02104429738646596,-0.07537603515294913,-0.04275494708231929,0.0441607696084307,0.11953680476137983,0.08691571669074999,0.03262108807062984,0.27289576742283084,,
Smoking Mortality,2B_clustering,7,0.0441607696084307,,0.14085646974925747,0.267057871192571,0.267057871192571,0.675419213442712,0.675419213442712,,,0.3589632963340297,,0.2891548522365588,-0.07537603515294913,-0.028893524274548072,0.0441607696084307,0.11953680476137983,0.07305429388297877,0.046482510878401065,0.38885522305192755,,
Smoking Mortality,PS_propensity_score,7,0.0441607696084307,,0.04249001934784198,0.08218238802678673,0.08218238802678673,0.24554111231876583,0.24554111231876583,,,0.3914985218496121,,0.2097573646043599,-0.07537603515294913,-0.015422426882686519,0.0441607696084307,0.11953680476137983,0.059583196491117214,0.059953608270262616,0.5015493628923946,,
Smoking Mortality,GMM,7,0.0441607696084307,,0.14993290784267016,0.278545645954679,0.278545645954679,0.6719293915852544,0.6719293915852544,,,0.36533864280621864,,0.3029236659722486,-0.07537603515294913,-0.0558125941863513,0.0441607696084307,0.11953680476137983,0.099973363794782,0.01956344096659783,0.16366039736172056,,
Smoking Mortality,Prognostic_score,7,0.0441607696084307,,0.4381232944986797,0.6242420219921906,0.6242420219921906,0.9415625035599527,0.9415625035599527,,,1.0,,0.22515078008849954,-0.07537603515294913,0.04095166998787082,0.0441607696084307,0.11953680476137983,0.0032090996205598743,0.11632770514081996,0.9731538781970465,,
Smoking Mortality,baseline_random,7,0.0441607696084307,,-0.0019386335442693047,0.004781888735628368,0.004781888735628369,0.0026313682926517516,0.0026313682926517516,,,0.5817313720633748,,0.0022167240224248985,-0.07537603515294913,-0.07475852957799274,0.0441607696084307,0.11953680476137983,0.11891929918642344,0.0006175055749563924,0.005165819650182701,,
Smoking Mortality,baseline_oracle_kmeans,7,0.0441607696084307,,0.7903780694903684,0.8046396375211823,0.8046396375211823,0.9792467914542552,0.9792467914542552,,,1.0,,0.10926579206146869,-0.07537603515294913,0.03578658807071777,0.0441607696084307,0.11953680476137983,0.008374181537712924,0.1111626232236669,0.929944743341354,,
Smoking Mortality,baseline_oracle_quantile,7,0.0441607696084307,,0.5126622429064848,0.6898653156077794,0.6898653156077794,0.968466032932686,0.968466032932686,,,1.0,,0.10026596097093199,-0.07537603515294913,0.027814970249897732,0.0441607696084307,0.11953680476137983,0.016345799358532965,0.10319100540284687,0.863257183499571,,
